loan_id,origination_date,original_loan_amount,interest_rate,loan_term,property_state,property_type,loan_to_value_ratio,credit_score,delinquency_status
L442251,2024-09-30 21:50:19.022133,186715.38,0.0685,360,IA,Townhouse,0.61,683,30 Days Late
L747393,2024-05-10 21:50:19.022153,362884.87,0.048,360,WI,Townhouse,0.75,768,Foreclosure
L428953,2023-07-08 21:50:19.022159,164734.19,0.0468,180,VT,Townhouse,0.72,589,Foreclosure
L335020,2023-12-25 21:50:19.022165,121381.59,0.0384,360,MI,Single Family,0.86,819,90 Days Late
L283154,2024-07-25 21:50:19.022171,864308.78,0.0477,360,MI,Townhouse,0.86,802,90 Days Late
L146684,2024-02-19 21:50:19.022177,929510.72,0.045,180,UT,Multi Family,0.53,773,Current
L196685,2024-11-02 21:50:19.022183,889119.7,0.0305,360,OH,Condo,0.92,796,60 Days Late
L825217,2024-11-20 21:50:19.022189,493516.84,0.0337,180,WY,Manufactured,0.66,772,30 Days Late
L990428,2024-10-30 21:50:19.022194,392986.39,0.03,360,CT,Single Family,0.83,798,60 Days Late
L494532,2023-06-19 21:50:19.022200,308312.52,0.0507,180,NY,Townhouse,0.83,736,30 Days Late
L221511,2024-06-26 21:50:19.022206,624948.73,0.0601,180,ID,Manufactured,0.54,723,Foreclosure
L983897,2024-03-10 21:50:19.022211,691031.55,0.0606,360,FL,Condo,0.89,708,90 Days Late
L802215,2023-09-01 21:50:19.022217,651779.96,0.0407,360,OK,Single Family,0.75,770,90 Days Late
L552309,2023-11-08 21:50:19.022222,600050.68,0.0587,180,NH,Condo,0.88,588,90 Days Late
L878677,2023-10-04 21:50:19.022227,111939.75,0.0578,180,MI,Single Family,0.52,657,Foreclosure
L825837,2024-08-27 21:50:19.022233,692921.72,0.0361,180,KS,Single Family,0.66,646,Current
L904088,2023-11-13 21:50:19.022239,362940.34,0.0368,180,OH,Multi Family,0.58,612,90 Days Late
L358838,2025-01-09 21:50:19.022244,419592.36,0.0572,180,MO,Manufactured,0.93,631,60 Days Late
L108889,2024-03-28 21:50:19.022250,131865.03,0.0569,360,WA,Single Family,0.8,673,30 Days Late
L999148,2023-11-29 21:50:19.022255,157424.15,0.051,360,VA,Townhouse,0.87,727,Current
L264557,2025-05-06 21:50:19.022260,492858.38,0.0353,180,PA,Multi Family,0.52,820,Foreclosure
L943301,2024-10-10 21:50:19.022266,250385.6,0.0331,360,ID,Single Family,0.63,822,60 Days Late
L812139,2024-07-21 21:50:19.022271,805037.8,0.0477,180,MA,Townhouse,0.87,771,Current
L250957,2023-11-22 21:50:19.022276,266588.14,0.0375,180,CT,Condo,0.72,596,Current
L433050,2024-04-01 21:50:19.022282,559165.39,0.0612,360,OK,Multi Family,0.84,621,60 Days Late
L735932,2025-04-06 21:50:19.022287,897920.37,0.0397,180,WV,Condo,0.95,788,30 Days Late
L615806,2025-03-17 21:50:19.022292,664395.59,0.0648,180,NY,Single Family,0.69,824,Foreclosure
L619729,2024-07-11 21:50:19.022298,214447.7,0.065,360,WI,Townhouse,0.93,850,60 Days Late
L474404,2023-09-18 21:50:19.022303,181610.43,0.0415,360,NY,Townhouse,0.82,654,60 Days Late
L729999,2025-03-14 21:50:19.022308,223838.29,0.0433,360,NY,Manufactured,0.79,803,30 Days Late
L850547,2023-06-29 21:50:19.022313,981411.5,0.0481,180,OK,Single Family,0.9,727,Current
L260315,2024-10-02 21:50:19.022318,433853.72,0.0376,360,NC,Multi Family,0.83,815,Current
L761085,2024-02-18 21:50:19.022324,101675.76,0.0613,180,ID,Single Family,0.9,784,60 Days Late
L155677,2025-04-13 21:50:19.022330,889912.56,0.032,360,SD,Single Family,0.66,679,30 Days Late
L515825,2025-03-19 21:50:19.022335,341507.23,0.0305,180,KY,Manufactured,0.82,634,90 Days Late
L911016,2023-10-31 21:50:19.022340,318404.89,0.0656,180,MT,Single Family,0.61,805,Current
L819346,2023-10-26 21:50:19.022346,415717.17,0.0637,180,LA,Townhouse,0.8,774,90 Days Late
L154452,2024-06-18 21:50:19.022351,652322.86,0.067,360,SC,Manufactured,0.92,837,Current
L991532,2025-05-12 21:50:19.022359,829646.37,0.0344,360,GA,Condo,0.85,727,Current
L278268,2023-12-14 21:50:19.022365,169883.47,0.0488,360,SD,Manufactured,0.85,757,Current
L442323,2023-06-25 21:50:19.022370,783770.27,0.0685,180,AK,Condo,0.57,732,60 Days Late
L669725,2023-09-04 21:50:19.022376,734136.86,0.0367,180,LA,Condo,0.78,746,Foreclosure
L876380,2023-10-26 21:50:19.022381,434705.63,0.0646,360,NC,Manufactured,0.58,800,30 Days Late
L467667,2024-04-16 21:50:19.022386,459229.5,0.0445,180,MN,Multi Family,0.68,719,90 Days Late
L305074,2024-10-17 21:50:19.022392,263249.56,0.0581,180,NJ,Townhouse,0.88,705,90 Days Late
L663723,2024-01-06 21:50:19.022397,213479.24,0.0676,180,PA,Condo,0.51,608,60 Days Late
L617920,2025-01-20 21:50:19.022402,306532.77,0.0485,360,AK,Condo,0.69,842,Foreclosure
L772382,2024-07-18 21:50:19.022408,425822.54,0.0427,360,OK,Condo,0.85,678,Foreclosure
L545206,2024-06-13 21:50:19.022413,737250.83,0.0401,180,WY,Single Family,0.75,607,Foreclosure
L297510,2025-02-24 21:50:19.022418,105611.82,0.043,180,CA,Townhouse,0.75,809,60 Days Late
L777292,2023-09-08 21:50:19.022424,125530.86,0.0389,180,NM,Condo,0.8,828,30 Days Late
L101417,2024-02-18 21:50:19.022429,349585.74,0.0579,180,CT,Townhouse,0.51,722,Foreclosure
L599574,2023-08-13 21:50:19.022434,497113.55,0.043,180,AZ,Single Family,0.62,798,Current
L817506,2023-07-21 21:50:19.022440,675323.14,0.0593,180,TN,Single Family,0.51,843,30 Days Late
L278014,2024-08-17 21:50:19.022445,829926.64,0.0307,180,IN,Single Family,0.61,681,Current
L336325,2023-06-17 21:50:19.022451,602638.46,0.0473,180,TX,Single Family,0.82,691,90 Days Late
L719374,2024-06-11 21:50:19.022456,313504.54,0.057,180,UT,Manufactured,0.76,828,Current
L448517,2025-02-04 21:50:19.022461,100261.63,0.0484,360,MI,Townhouse,0.89,633,90 Days Late
L367194,2023-11-03 21:50:19.022467,358805.7,0.0436,360,OK,Single Family,0.66,624,Current
L941527,2025-01-17 21:50:19.022472,619978.52,0.0646,180,LA,Single Family,0.9,677,60 Days Late
L242884,2024-02-07 21:50:19.022477,368409.16,0.0546,180,NY,Multi Family,0.75,608,30 Days Late
L687040,2023-12-05 21:50:19.022483,362129.93,0.0409,360,TN,Single Family,0.83,754,30 Days Late
L840819,2023-09-22 21:50:19.022488,401514.88,0.0574,180,ME,Multi Family,0.67,612,60 Days Late
L788158,2023-10-24 21:50:19.022493,275594.23,0.0544,180,TN,Condo,0.57,610,90 Days Late
L587188,2025-04-21 21:50:19.022499,753392.36,0.0467,180,NH,Multi Family,0.74,785,Foreclosure
L677626,2023-06-11 21:50:19.022505,476728.82,0.0317,180,FL,Multi Family,0.71,783,60 Days Late
L128161,2024-10-03 21:50:19.022510,524188.7,0.0642,360,CT,Manufactured,0.85,822,90 Days Late
L591010,2024-09-17 21:50:19.022516,474975.38,0.0473,180,OK,Single Family,0.65,694,Foreclosure
L610716,2024-02-10 21:50:19.022522,599681.21,0.0404,360,KY,Townhouse,0.69,595,60 Days Late
L761600,2025-03-12 21:50:19.022528,831349.43,0.0333,180,ME,Townhouse,0.51,608,60 Days Late
L538945,2023-11-09 21:50:19.022533,489327.85,0.0651,360,IA,Condo,0.93,803,Current
L211749,2024-03-13 21:50:19.022538,777058.68,0.0439,360,MS,Multi Family,0.77,814,30 Days Late
L382354,2024-07-19 21:50:19.022543,674577.45,0.0481,180,VA,Townhouse,0.7,725,90 Days Late
L437932,2024-07-06 21:50:19.022549,878441.89,0.0316,360,PA,Multi Family,0.74,774,60 Days Late
L879431,2024-07-02 21:50:19.022554,194134.78,0.0379,360,WA,Townhouse,0.82,832,60 Days Late
L735623,2024-09-06 21:50:19.022560,606025.46,0.0638,360,NM,Condo,0.58,770,60 Days Late
L525456,2024-03-22 21:50:19.022565,102376.11,0.0412,180,OK,Condo,0.83,687,60 Days Late
L611763,2024-10-03 21:50:19.022571,404465.3,0.0505,360,UT,Townhouse,0.52,818,Current
L166823,2023-06-04 21:50:19.022576,475497.75,0.0385,180,OK,Multi Family,0.89,676,30 Days Late
L771135,2023-08-12 21:50:19.022581,860120.57,0.0494,180,MI,Condo,0.54,690,60 Days Late
L223359,2024-12-09 21:50:19.022587,644816.94,0.0403,360,TN,Townhouse,0.74,804,90 Days Late
L185159,2023-08-01 21:50:19.022592,951291.3,0.0463,360,UT,Multi Family,0.7,742,30 Days Late
L816766,2024-07-17 21:50:19.022598,632532.51,0.0586,180,FL,Townhouse,0.93,727,30 Days Late
L624532,2024-02-18 21:50:19.022603,180389.98,0.0316,180,NC,Townhouse,0.83,715,30 Days Late
L178795,2024-10-19 21:50:19.022608,635216.58,0.0512,180,MO,Townhouse,0.67,789,Current
L832716,2025-03-21 21:50:19.022614,313085.69,0.042,360,NH,Single Family,0.57,766,Foreclosure
L146773,2024-08-04 21:50:19.022619,729829.15,0.0312,180,NJ,Single Family,0.93,763,30 Days Late
L851306,2023-12-24 21:50:19.022625,341198.77,0.0352,180,TX,Condo,0.56,583,30 Days Late
L521248,2024-08-29 21:50:19.022630,785837.25,0.0415,360,ND,Multi Family,0.73,587,30 Days Late
L690925,2023-06-18 21:50:19.022635,162257.66,0.031,180,SC,Single Family,0.95,765,90 Days Late
L775315,2023-11-01 21:50:19.022640,189075.53,0.0476,360,KS,Multi Family,0.87,633,Current
L438653,2024-08-24 21:50:19.022645,131581.26,0.0306,180,TN,Single Family,0.62,836,60 Days Late
L854969,2024-06-07 21:50:19.022651,337698.29,0.0395,180,NJ,Single Family,0.6,734,30 Days Late
L973552,2025-01-17 21:50:19.022656,554571.1,0.0562,180,CA,Multi Family,0.54,787,Current
L362867,2023-07-08 21:50:19.022662,211136.28,0.0559,180,OK,Townhouse,0.91,695,Foreclosure
L352789,2024-04-30 21:50:19.022667,429527.52,0.0332,360,DE,Single Family,0.68,614,90 Days Late
L653482,2023-07-15 21:50:19.022672,919727.12,0.0447,360,NV,Townhouse,0.8,610,90 Days Late
L363240,2023-07-01 21:50:19.022678,951444.78,0.0548,360,VA,Condo,0.71,722,90 Days Late
L369021,2025-01-10 21:50:19.022683,912372.73,0.0372,180,IA,Manufactured,0.64,798,60 Days Late
L251239,2023-08-30 21:50:19.022689,603073.59,0.0619,360,FL,Townhouse,0.78,734,Foreclosure
L844458,2024-03-19 21:50:19.022694,616404.75,0.0401,360,CT,Townhouse,0.83,804,30 Days Late
L402392,2023-10-28 21:50:19.022699,173200.39,0.065,180,CT,Manufactured,0.65,817,60 Days Late
L440254,2024-08-02 21:50:19.022705,986559.9,0.0451,180,NE,Manufactured,0.64,734,90 Days Late
L623520,2024-10-30 21:50:19.022710,274593.87,0.0356,360,MA,Townhouse,0.5,791,60 Days Late
L306513,2025-04-08 21:50:19.022715,155683.26,0.0441,360,MA,Multi Family,0.77,717,30 Days Late
L276890,2023-12-16 21:50:19.022721,620718.15,0.0683,180,MO,Manufactured,0.57,777,60 Days Late
L722534,2024-03-26 21:50:19.022726,908378.27,0.0381,180,ME,Multi Family,0.53,675,30 Days Late
L448445,2024-12-05 21:50:19.022731,388055.13,0.0371,180,OR,Manufactured,0.9,683,90 Days Late
L374953,2024-09-24 21:50:19.022737,881161.45,0.0466,360,WA,Single Family,0.92,808,30 Days Late
L452706,2024-09-24 21:50:19.022742,674433.06,0.0664,180,OH,Multi Family,0.73,629,30 Days Late
L687060,2024-09-02 21:50:19.022747,951423.25,0.05,360,CT,Multi Family,0.84,592,90 Days Late
L115780,2024-04-18 21:50:19.022752,738961.14,0.0323,180,PA,Manufactured,0.54,758,90 Days Late
L842609,2023-07-16 21:50:19.022757,889744.48,0.0422,360,ND,Manufactured,0.83,826,30 Days Late
L758910,2023-11-12 21:50:19.022762,268441.28,0.0615,180,ND,Single Family,0.64,725,Current
L558374,2023-12-30 21:50:19.022767,106860.12,0.0468,360,OR,Single Family,0.68,618,60 Days Late
L279262,2024-11-20 21:50:19.022772,390099.76,0.048,180,SD,Single Family,0.75,648,60 Days Late
L930548,2023-10-04 21:50:19.022777,474725.3,0.0667,360,NH,Townhouse,0.67,733,30 Days Late
L806795,2025-02-14 21:50:19.022783,750737.31,0.0624,180,VT,Manufactured,0.53,849,90 Days Late
L234119,2025-05-24 21:50:19.022788,781322.17,0.0359,180,KS,Condo,0.59,825,90 Days Late
L330163,2024-04-17 21:50:19.022793,827949.95,0.0673,360,NY,Townhouse,0.64,827,Foreclosure
L810731,2025-03-24 21:50:19.022798,617094.67,0.0323,180,NM,Single Family,0.72,696,90 Days Late
L934493,2024-04-29 21:50:19.022805,716253.03,0.0432,360,OK,Manufactured,0.88,792,Foreclosure
L260665,2024-02-28 21:50:19.022810,162588.42,0.0659,360,AL,Multi Family,0.63,718,Current
L417000,2023-12-08 21:50:19.022815,801337.11,0.0442,180,MI,Manufactured,0.63,726,Current
L134249,2024-05-27 21:50:19.022820,914635.67,0.0626,360,VA,Multi Family,0.67,843,60 Days Late
L920321,2024-05-24 21:50:19.022825,764008.26,0.0325,180,VT,Multi Family,0.51,760,Foreclosure
L723145,2024-12-24 21:50:19.022830,707467.6,0.0381,180,TN,Condo,0.65,850,30 Days Late
L817877,2025-04-28 21:50:19.022835,131567.08,0.0443,360,MO,Townhouse,0.59,801,Current
L404610,2024-01-19 21:50:19.022840,941460.67,0.0551,180,MN,Single Family,0.66,716,60 Days Late
L482609,2025-02-03 21:50:19.022845,791255.28,0.0609,180,KS,Multi Family,0.8,663,90 Days Late
L187247,2025-05-16 21:50:19.022851,160259.38,0.0457,180,PA,Manufactured,0.93,842,90 Days Late
L223450,2024-12-14 21:50:19.022856,127739.89,0.0605,180,IA,Manufactured,0.94,603,30 Days Late
L527837,2023-06-13 21:50:19.022861,175404.72,0.0567,180,VA,Single Family,0.84,777,90 Days Late
L749271,2023-12-26 21:50:19.022866,213004.41,0.0681,180,FL,Multi Family,0.52,714,30 Days Late
L694828,2023-11-23 21:50:19.022871,832274.36,0.0541,180,PA,Single Family,0.83,714,90 Days Late
L464771,2024-07-14 21:50:19.022877,245629.16,0.0307,180,NH,Manufactured,0.93,782,90 Days Late
L938180,2025-03-25 21:50:19.022882,294619.16,0.0431,180,CA,Condo,0.83,658,Foreclosure
L573902,2023-12-06 21:50:19.022887,292300.82,0.0572,360,NY,Multi Family,0.56,637,60 Days Late
L451662,2025-02-09 21:50:19.022892,574637.06,0.0359,180,WY,Townhouse,0.62,588,30 Days Late
L766788,2024-11-24 21:50:19.022897,525539.38,0.0532,180,CA,Manufactured,0.61,687,Current
L872221,2024-09-27 21:50:19.022902,440844.27,0.0475,180,CO,Single Family,0.93,739,Current
L123555,2025-02-26 21:50:19.022907,425982.77,0.0419,360,WV,Condo,0.9,846,30 Days Late
L692004,2025-04-22 21:50:19.022912,961424.16,0.0538,360,OH,Single Family,0.85,609,90 Days Late
L643873,2023-08-03 21:50:19.022918,525096.64,0.0676,360,RI,Single Family,0.93,609,90 Days Late
L694151,2023-07-30 21:50:19.022923,460959.59,0.0621,360,CT,Townhouse,0.86,606,60 Days Late
L675948,2024-03-09 21:50:19.022928,409207.36,0.067,180,LA,Multi Family,0.72,814,Foreclosure
L489390,2024-07-08 21:50:19.022933,759917.26,0.0687,180,CO,Condo,0.85,787,90 Days Late
L282939,2023-09-11 21:50:19.022938,591114.1,0.0638,180,WA,Manufactured,0.72,628,30 Days Late
L672984,2024-09-19 21:50:19.022943,952247.87,0.0304,180,SD,Townhouse,0.65,704,30 Days Late
L668409,2024-01-03 21:50:19.022948,666812.01,0.0695,180,NM,Single Family,0.72,617,60 Days Late
L774448,2023-11-02 21:50:19.022954,529585.98,0.033,360,AL,Townhouse,0.74,595,90 Days Late
L433455,2023-07-13 21:50:19.022959,750270.68,0.0626,180,ID,Multi Family,0.56,792,Current
L855783,2024-02-13 21:50:19.022964,463511.61,0.0389,180,IN,Townhouse,0.79,800,30 Days Late
L724656,2024-09-07 21:50:19.022969,192253.41,0.0332,180,MA,Manufactured,0.61,618,30 Days Late
L636146,2023-11-18 21:50:19.022974,935916.32,0.0369,360,SD,Condo,0.56,743,Foreclosure
L312933,2025-01-10 21:50:19.022979,133042.61,0.065,180,UT,Single Family,0.71,639,Foreclosure
L471667,2023-06-15 21:50:19.022984,353824.57,0.046,360,OK,Single Family,0.9,777,90 Days Late
L214849,2023-07-30 21:50:19.022989,992792.92,0.0498,180,SC,Multi Family,0.74,609,90 Days Late
L837801,2024-05-07 21:50:19.022994,664497.54,0.0395,360,LA,Townhouse,0.7,650,60 Days Late
L665341,2024-11-01 21:50:19.023000,877624.81,0.0426,360,SD,Townhouse,0.71,622,Current
L506599,2024-09-28 21:50:19.023005,479358.7,0.0638,180,OK,Townhouse,0.91,683,90 Days Late
L423129,2025-01-16 21:50:19.023010,207072.77,0.0446,360,AR,Multi Family,0.83,623,Foreclosure
L917642,2024-09-21 21:50:19.023015,941638.95,0.0513,180,IL,Condo,0.57,623,Current
L351635,2024-11-14 21:50:19.023020,303854.28,0.0441,360,CO,Single Family,0.71,594,90 Days Late
L286430,2024-07-24 21:50:19.023026,223200.12,0.034,360,VA,Multi Family,0.89,711,Current
L846186,2023-10-27 21:50:19.023033,563685.99,0.0478,180,TX,Townhouse,0.91,600,30 Days Late
L442996,2024-06-13 21:50:19.023038,893942.53,0.0495,180,AR,Townhouse,0.6,846,Current
L640519,2023-07-13 21:50:19.023043,995650.24,0.0636,180,LA,Townhouse,0.72,829,30 Days Late
L275836,2023-07-19 21:50:19.023049,449006.54,0.0305,180,ND,Condo,0.9,676,30 Days Late
L655222,2024-03-16 21:50:19.023054,940815.82,0.0455,180,AK,Multi Family,0.58,838,30 Days Late
L185347,2025-04-30 21:50:19.023059,611942.65,0.046,180,MN,Single Family,0.59,646,Foreclosure
L980241,2024-08-19 21:50:19.023064,719051.54,0.0492,360,CA,Multi Family,0.88,606,90 Days Late
L582155,2025-01-03 21:50:19.023070,635860.62,0.0626,180,TN,Townhouse,0.78,677,30 Days Late
L887864,2024-09-24 21:50:19.023075,454886.22,0.0523,180,WA,Multi Family,0.93,692,60 Days Late
L571427,2024-11-24 21:50:19.023082,722998.22,0.0327,360,WA,Townhouse,0.7,708,Current
L592461,2024-02-25 21:50:19.023087,536515.8,0.0647,180,WI,Single Family,0.52,763,Foreclosure
L876683,2024-05-26 21:50:19.023092,526380.81,0.0573,180,MN,Single Family,0.58,786,90 Days Late
L197306,2024-04-20 21:50:19.023097,702084.39,0.0519,360,NY,Townhouse,0.86,629,90 Days Late
L648953,2024-08-18 21:50:19.023102,326108.6,0.0386,360,NJ,Manufactured,0.81,761,90 Days Late
L339887,2023-10-02 21:50:19.023107,277165.84,0.0577,360,IA,Townhouse,0.66,795,60 Days Late
L264546,2023-07-10 21:50:19.023113,810453.68,0.0554,360,PA,Condo,0.66,676,Foreclosure
L525139,2024-05-22 21:50:19.023118,892224.75,0.0535,360,NE,Manufactured,0.85,688,Foreclosure
L471692,2023-08-28 21:50:19.023123,649492.97,0.0646,360,MS,Townhouse,0.9,782,90 Days Late
L174092,2024-04-03 21:50:19.023128,102805.79,0.0322,180,OK,Single Family,0.8,617,Foreclosure
L508458,2025-05-15 21:50:19.023133,680243.87,0.0589,180,AK,Townhouse,0.87,683,60 Days Late
L490761,2024-05-22 21:50:19.023138,893394.26,0.0329,180,MI,Single Family,0.66,746,Foreclosure
L449700,2023-10-25 21:50:19.023143,361357.82,0.0509,180,VA,Multi Family,0.8,616,Foreclosure
L658819,2024-02-25 21:50:19.023148,698087.54,0.0355,180,SD,Single Family,0.73,824,Current
L262457,2024-11-16 21:50:19.023153,570670.9,0.0386,180,OR,Multi Family,0.75,797,90 Days Late
L103808,2025-03-16 21:50:19.023159,750446.47,0.0372,360,ND,Townhouse,0.56,698,Foreclosure
L127339,2024-07-23 21:50:19.023164,894199.02,0.0398,180,NM,Multi Family,0.56,797,60 Days Late
L910280,2024-06-17 21:50:19.023169,290205.7,0.0321,360,TN,Condo,0.59,816,60 Days Late
L317611,2024-06-13 21:50:19.023174,934704.02,0.0409,180,CT,Multi Family,0.64,685,Foreclosure
L448049,2023-08-01 21:50:19.023179,492404.56,0.0439,360,WY,Single Family,0.74,725,30 Days Late
L137537,2025-03-23 21:50:19.023184,730914.25,0.0465,360,WI,Multi Family,0.64,845,60 Days Late
L555754,2024-02-12 21:50:19.023190,274550.45,0.043,180,SC,Condo,0.58,676,Foreclosure
L695573,2024-12-20 21:50:19.023195,341540.28,0.0315,180,RI,Single Family,0.59,606,90 Days Late
L748847,2025-03-23 21:50:19.023200,270080.58,0.0617,360,WA,Manufactured,0.79,598,60 Days Late
L669967,2025-04-14 21:50:19.023205,361620.84,0.0509,180,NE,Single Family,0.59,743,Current
L685410,2024-01-05 21:50:19.023210,759969.04,0.0588,360,HI,Multi Family,0.6,756,30 Days Late
L471213,2023-07-19 21:50:19.023215,634762.08,0.0613,360,CO,Multi Family,0.59,849,90 Days Late
L874532,2023-06-01 21:50:19.023221,563918.49,0.0439,360,CT,Single Family,0.86,849,Current
L832726,2025-04-15 21:50:19.023226,239217.13,0.0537,180,AZ,Multi Family,0.64,720,60 Days Late
L724884,2024-03-16 21:50:19.023231,771650.41,0.0524,360,HI,Condo,0.62,665,Foreclosure
L483333,2024-09-12 21:50:19.023236,311043.67,0.0394,180,SC,Manufactured,0.83,680,90 Days Late
L942958,2025-01-26 21:50:19.023241,229744.24,0.0337,180,WA,Multi Family,0.74,804,Current
L173248,2024-06-14 21:50:19.023246,727501.68,0.0419,360,RI,Condo,0.57,727,Current
L353264,2023-11-24 21:50:19.023252,606314.72,0.0605,360,HI,Single Family,0.61,760,60 Days Late
L962714,2023-11-10 21:50:19.023257,743031.68,0.0443,180,NV,Single Family,0.95,680,Foreclosure
L910643,2025-03-01 21:50:19.023262,418133.66,0.0574,180,NJ,Single Family,0.8,820,90 Days Late
L891995,2025-05-08 21:50:19.023267,367417.81,0.0407,180,CT,Manufactured,0.93,843,90 Days Late
L317645,2023-05-30 21:50:19.023610,250754.61,0.051,360,VT,Multi Family,0.61,758,Foreclosure
L267953,2025-03-22 21:50:19.023616,904653.41,0.0684,360,FL,Townhouse,0.67,815,Current
L341206,2025-04-27 21:50:19.023621,728931.51,0.0408,360,DE,Single Family,0.78,737,30 Days Late
L680541,2023-11-20 21:50:19.023626,914805.82,0.034,360,CA,Single Family,0.71,593,60 Days Late
L711098,2023-07-07 21:50:19.023632,786072.53,0.0365,360,VT,Townhouse,0.56,825,90 Days Late
L436966,2024-11-28 21:50:19.023637,234895.44,0.0696,360,WI,Multi Family,0.73,612,90 Days Late
L377748,2024-05-13 21:50:19.023642,574831.38,0.0485,360,WA,Townhouse,0.69,667,Foreclosure
L689075,2023-07-26 21:50:19.023647,653913.22,0.0467,180,MO,Multi Family,0.78,619,30 Days Late
L880189,2024-12-19 21:50:19.023653,279271.72,0.0354,360,NJ,Single Family,0.77,686,60 Days Late
L999920,2024-10-05 21:50:19.023658,309254.77,0.0385,180,KS,Townhouse,0.7,845,Foreclosure
L642876,2023-08-30 21:50:19.023663,882365.83,0.0316,360,VT,Single Family,0.71,681,60 Days Late
L543810,2024-11-02 21:50:19.023668,974133.89,0.0526,180,NJ,Townhouse,0.94,628,90 Days Late
L699703,2024-02-28 21:50:19.023673,289759.19,0.0445,180,RI,Manufactured,0.69,818,90 Days Late
L162832,2024-11-24 21:50:19.023678,129597.41,0.0427,360,SC,Condo,0.78,653,60 Days Late
L150035,2023-10-08 21:50:19.023683,575064.44,0.0395,360,DE,Manufactured,0.84,847,90 Days Late
L299569,2025-05-07 21:50:19.023688,749591.29,0.068,180,WI,Single Family,0.6,635,90 Days Late
L645161,2024-05-22 21:50:19.023697,493454.35,0.0413,360,NM,Condo,0.88,688,90 Days Late
L918540,2024-08-01 21:50:19.023702,356865.53,0.0374,360,WY,Manufactured,0.75,606,Current
L316097,2023-11-30 21:50:19.023707,376505.26,0.0402,360,IL,Townhouse,0.92,806,Foreclosure
L219450,2023-07-17 21:50:19.023712,830362.39,0.0678,180,VA,Condo,0.82,709,Current
L407835,2023-08-03 21:50:19.023717,574360.39,0.0526,360,WI,Condo,0.66,672,30 Days Late
L805516,2023-06-26 21:50:19.023723,713889.86,0.0414,360,IN,Townhouse,0.9,763,Current
L745070,2024-09-16 21:50:19.023729,188555.38,0.036,180,MS,Multi Family,0.67,738,90 Days Late
L287204,2024-03-28 21:50:19.023734,205106.47,0.0524,360,IN,Townhouse,0.82,741,30 Days Late
L690935,2023-07-03 21:50:19.023739,174509.2,0.0547,180,OH,Single Family,0.6,726,90 Days Late
L982520,2023-06-06 21:50:19.023745,516518.92,0.0653,180,VT,Townhouse,0.61,744,Current
L581973,2025-04-25 21:50:19.023751,863392.95,0.0652,180,CA,Manufactured,0.82,695,30 Days Late
L484290,2024-10-29 21:50:19.023756,909928.28,0.0507,360,IA,Townhouse,0.52,820,Foreclosure
L985289,2024-08-30 21:50:19.023761,881249.41,0.0328,180,OH,Manufactured,0.84,653,60 Days Late
L675419,2024-04-12 21:50:19.023767,283402.96,0.0489,360,NC,Townhouse,0.74,660,Current
L584057,2024-03-21 21:50:19.023772,280061.22,0.0444,360,KS,Condo,0.74,810,90 Days Late
L292956,2024-07-07 21:50:19.023777,201922.42,0.0387,180,OR,Single Family,0.75,697,Foreclosure
L992956,2024-05-09 21:50:19.023782,257456.87,0.0572,180,OK,Condo,0.71,626,30 Days Late
L702431,2024-05-31 21:50:19.023787,393659.04,0.0426,360,MI,Single Family,0.69,683,60 Days Late
L938514,2025-04-28 21:50:19.023792,443230.31,0.0571,360,UT,Manufactured,0.77,743,Foreclosure
L292297,2024-04-28 21:50:19.023797,778689.12,0.0641,180,NH,Townhouse,0.73,589,30 Days Late
L373740,2023-07-09 21:50:19.023802,353510.18,0.0565,360,MN,Manufactured,0.73,684,Current
L203140,2023-11-24 21:50:19.023808,417958.67,0.0414,360,ID,Manufactured,0.89,797,90 Days Late
L376668,2025-01-17 21:50:19.023813,362993.43,0.0519,360,ND,Manufactured,0.86,635,30 Days Late
L278244,2024-02-15 21:50:19.023818,906460.8,0.0512,180,CA,Manufactured,0.89,684,Current
L564658,2024-07-30 21:50:19.023823,350751.52,0.0573,180,IA,Manufactured,0.9,819,60 Days Late
L115293,2023-07-27 21:50:19.023828,962855.7,0.067,180,NJ,Multi Family,0.92,619,60 Days Late
L164026,2023-08-20 21:50:19.023834,337122.52,0.0622,360,CA,Condo,0.87,844,90 Days Late
L531538,2025-02-05 21:50:19.023839,944172.72,0.0322,360,SC,Manufactured,0.79,642,Foreclosure
L413079,2024-12-08 21:50:19.023844,907003.13,0.054,180,ND,Manufactured,0.81,810,30 Days Late
L599194,2023-10-22 21:50:19.023850,543679.01,0.0582,360,CO,Townhouse,0.84,622,Current
L932401,2023-09-25 21:50:19.023855,932071.21,0.0389,360,MI,Single Family,0.79,618,60 Days Late
L493483,2024-12-26 21:50:19.023860,252155.44,0.0442,360,SC,Condo,0.61,841,90 Days Late
L818697,2024-04-18 21:50:19.023865,917478.2,0.0486,360,CT,Single Family,0.53,789,Foreclosure
L193351,2024-11-06 21:50:19.023870,773657.66,0.0542,360,CA,Manufactured,0.9,652,30 Days Late
L648882,2024-04-07 21:50:19.023876,527539.44,0.051,360,NJ,Single Family,0.69,637,60 Days Late
L157774,2024-06-10 21:50:19.023881,624249.82,0.0497,180,CT,Condo,0.51,724,90 Days Late
L494425,2024-10-11 21:50:19.023886,968044.74,0.0579,360,NC,Townhouse,0.8,651,60 Days Late
L126658,2023-11-21 21:50:19.023891,962297.19,0.0319,360,MS,Townhouse,0.69,675,Foreclosure
L836949,2024-07-15 21:50:19.023897,225453.39,0.0473,180,WA,Single Family,0.71,749,Current
L123791,2023-10-07 21:50:19.023902,264406.04,0.0484,360,WY,Manufactured,0.86,844,60 Days Late
L919564,2023-12-02 21:50:19.023907,237531.38,0.0516,180,MT,Multi Family,0.75,636,30 Days Late
L254201,2024-05-22 21:50:19.023912,856759.32,0.0582,360,MD,Manufactured,0.56,713,30 Days Late
L249262,2025-05-23 21:50:19.023917,706016.99,0.0518,180,NV,Condo,0.73,702,Current
L283219,2024-11-02 21:50:19.023922,288030.41,0.0699,360,KS,Single Family,0.5,825,60 Days Late
L996064,2023-11-26 21:50:19.023928,138365.41,0.0583,360,SC,Single Family,0.73,580,Current
L555521,2025-01-27 21:50:19.023933,943331.58,0.0582,360,OR,Condo,0.64,756,Foreclosure
L979938,2025-04-08 21:50:19.023938,243533.67,0.0474,360,IN,Manufactured,0.72,765,Current
L404571,2023-12-05 21:50:19.023945,867941.32,0.0608,180,KS,Condo,0.91,792,90 Days Late
L121166,2024-11-08 21:50:19.023950,408057.99,0.0675,180,IA,Condo,0.67,800,Current
L210914,2024-08-11 21:50:19.023955,179930.73,0.0381,360,NH,Single Family,0.82,769,Foreclosure
L774016,2023-12-23 21:50:19.023960,468413.73,0.0554,180,CT,Townhouse,0.67,642,Foreclosure
L902471,2024-11-05 21:50:19.023966,434262.44,0.0403,360,FL,Townhouse,0.93,747,60 Days Late
L935360,2025-05-01 21:50:19.023971,426843.24,0.0588,180,OH,Manufactured,0.7,716,90 Days Late
L794000,2024-10-17 21:50:19.023977,784592.41,0.0357,360,KS,Condo,0.69,656,60 Days Late
L479588,2024-10-19 21:50:19.023982,562348.57,0.0483,360,NY,Manufactured,0.9,786,90 Days Late
L867761,2023-08-29 21:50:19.023988,109893.55,0.0447,360,SD,Condo,0.59,633,Current
L657033,2024-10-21 21:50:19.023993,823180.62,0.0556,360,PA,Single Family,0.69,787,60 Days Late
L121821,2024-02-03 21:50:19.023998,275861.39,0.0678,180,FL,Multi Family,0.5,714,Current
L294400,2023-08-23 21:50:19.024003,514244.3,0.0304,360,CT,Multi Family,0.72,701,90 Days Late
L647421,2025-01-30 21:50:19.024008,475571.96,0.0433,360,TX,Townhouse,0.77,839,Current
L284066,2025-04-30 21:50:19.024013,225933.23,0.0548,180,KS,Condo,0.65,603,Foreclosure
L566892,2024-01-28 21:50:19.024018,808034.88,0.0615,180,NJ,Manufactured,0.75,659,90 Days Late
L206941,2024-12-19 21:50:19.024024,724145.77,0.046,180,WA,Condo,0.59,803,30 Days Late
L216809,2024-07-06 21:50:19.024029,305274.16,0.0574,180,WV,Townhouse,0.58,797,90 Days Late
L281954,2023-06-25 21:50:19.024034,318825.46,0.0369,360,VT,Townhouse,0.7,682,60 Days Late
L251513,2024-12-07 21:50:19.024041,252452.33,0.0328,180,MN,Townhouse,0.62,753,Foreclosure
L460161,2023-11-25 21:50:19.024046,820543.07,0.0465,180,AZ,Townhouse,0.63,831,60 Days Late
L954104,2024-01-03 21:50:19.024051,748552.35,0.056,180,NJ,Condo,0.51,674,Current
L128101,2023-09-14 21:50:19.024056,708296.87,0.0313,180,MT,Condo,0.77,827,Foreclosure
L823769,2024-10-14 21:50:19.024062,223688.18,0.0386,360,WA,Single Family,0.79,806,90 Days Late
L714159,2025-05-14 21:50:19.024067,825639.47,0.0382,360,AK,Single Family,0.84,779,30 Days Late
L231234,2025-01-26 21:50:19.024072,750322.08,0.042,180,NJ,Condo,0.63,592,Foreclosure
L196298,2025-01-20 21:50:19.024078,768194.73,0.0435,180,OR,Condo,0.88,833,90 Days Late
L590712,2024-08-25 21:50:19.024083,811473.51,0.0572,180,NE,Manufactured,0.55,826,90 Days Late
L134616,2023-12-07 21:50:19.024088,710442.95,0.0445,180,SD,Condo,0.77,715,90 Days Late
L860549,2023-08-20 21:50:19.024093,680437.98,0.03,360,NE,Multi Family,0.58,727,30 Days Late
L807885,2025-02-03 21:50:19.024099,954579.61,0.0497,360,SC,Multi Family,0.84,751,Foreclosure
L133500,2025-05-10 21:50:19.024104,135956.48,0.0692,180,NY,Manufactured,0.64,772,Foreclosure
L169369,2023-07-19 21:50:19.024109,631784.08,0.0664,360,OR,Manufactured,0.57,650,60 Days Late
L186503,2025-05-09 21:50:19.024114,237627.5,0.0451,180,FL,Manufactured,0.7,658,60 Days Late
L454971,2024-11-30 21:50:19.024119,620840.52,0.0551,360,GA,Multi Family,0.92,820,60 Days Late
L549285,2023-09-12 21:50:19.024125,876920.52,0.0638,180,MI,Townhouse,0.67,695,30 Days Late
L293364,2023-12-04 21:50:19.024130,167906.71,0.056,360,ND,Multi Family,0.51,642,60 Days Late
L747690,2023-07-31 21:50:19.024136,680719.84,0.0383,180,CT,Condo,0.66,636,Foreclosure
L820512,2023-07-06 21:50:19.024141,221953.65,0.0386,180,MN,Multi Family,0.63,767,90 Days Late
L842002,2024-04-10 21:50:19.024146,264899.28,0.0443,360,FL,Condo,0.62,784,60 Days Late
L228690,2024-01-10 21:50:19.024151,502526.36,0.0463,180,WV,Single Family,0.67,712,60 Days Late
L478325,2023-10-11 21:50:19.024156,335360.58,0.0644,180,MO,Manufactured,0.88,807,30 Days Late
L571930,2025-02-25 21:50:19.024161,527897.98,0.0627,180,IL,Multi Family,0.57,652,30 Days Late
L528056,2025-05-15 21:50:19.024166,659112.86,0.0344,360,AK,Manufactured,0.85,839,30 Days Late
L981089,2024-07-10 21:50:19.024171,781640.45,0.0537,180,MO,Condo,0.65,593,30 Days Late
L407800,2025-05-01 21:50:19.024176,542180.13,0.0518,180,MN,Multi Family,0.83,703,Foreclosure
L701958,2025-02-18 21:50:19.024181,630432.61,0.0393,360,WV,Single Family,0.83,595,60 Days Late
L524858,2023-09-20 21:50:19.024186,872588.8,0.0682,180,CO,Townhouse,0.51,692,60 Days Late
L660336,2023-05-27 21:50:19.024192,263930.75,0.0501,180,OH,Condo,0.6,717,60 Days Late
L858068,2023-08-18 21:50:19.024197,767634.17,0.0446,180,CO,Townhouse,0.52,683,60 Days Late
L710301,2025-05-15 21:50:19.024202,188272.69,0.0498,360,ME,Multi Family,0.89,790,60 Days Late
L708624,2024-06-21 21:50:19.024207,410552.98,0.0497,360,CO,Condo,0.77,708,Current
L709747,2025-03-21 21:50:19.024212,704628.04,0.0674,360,MN,Manufactured,0.65,825,90 Days Late
L801330,2025-05-06 21:50:19.024218,662769.32,0.0342,180,WY,Multi Family,0.81,627,Current
L535411,2024-11-14 21:50:19.024223,424477.41,0.0629,360,AR,Multi Family,0.88,743,90 Days Late
L454080,2024-04-09 21:50:19.024228,666211.48,0.0388,180,ME,Townhouse,0.59,673,Current
L350501,2024-01-25 21:50:19.024233,793481.29,0.0478,360,NE,Manufactured,0.53,716,60 Days Late
L894238,2024-10-14 21:50:19.024238,505634.96,0.051,360,UT,Manufactured,0.84,642,Current
L350254,2025-01-27 21:50:19.024243,107949.94,0.0559,180,ME,Manufactured,0.74,664,60 Days Late
L279709,2024-05-11 21:50:19.024248,298587.75,0.0357,180,LA,Townhouse,0.88,601,90 Days Late
L783012,2023-08-23 21:50:19.024255,523392.84,0.0402,180,CO,Single Family,0.65,753,60 Days Late
L150371,2023-08-03 21:50:19.024261,158562.51,0.0691,360,OR,Manufactured,0.72,592,90 Days Late
L619443,2024-05-20 21:50:19.024266,118042.89,0.043,180,KS,Condo,0.93,742,Foreclosure
L334072,2024-06-11 21:50:19.024271,548290.29,0.0659,360,WY,Townhouse,0.89,822,30 Days Late
L435096,2025-03-31 21:50:19.024276,815181.35,0.069,180,NM,Condo,0.69,583,30 Days Late
L947971,2023-06-28 21:50:19.024281,207960.96,0.0679,180,MI,Townhouse,0.74,645,Current
L431157,2024-08-20 21:50:19.024287,178481.68,0.0634,360,AZ,Townhouse,0.67,831,Current
L878353,2024-02-07 21:50:19.024292,156171.46,0.0601,360,KS,Multi Family,0.8,727,Current
L614498,2024-09-25 21:50:19.024297,254586.21,0.0619,360,OK,Single Family,0.77,808,Current
L515652,2023-12-09 21:50:19.024303,163149.85,0.0677,180,RI,Condo,0.92,628,30 Days Late
L712120,2025-04-10 21:50:19.024307,103123.26,0.0362,180,IN,Single Family,0.78,724,Current
L710527,2024-09-24 21:50:19.024313,795729.24,0.0632,180,NY,Manufactured,0.51,796,60 Days Late
L969757,2024-12-25 21:50:19.024318,934617.66,0.0472,360,WY,Manufactured,0.67,740,90 Days Late
L957115,2023-08-14 21:50:19.024323,188042.36,0.0304,180,FL,Condo,0.57,583,60 Days Late
L748327,2024-06-05 21:50:19.024328,766768.3,0.0603,360,CA,Multi Family,0.62,635,Foreclosure
L787372,2024-01-22 21:50:19.024333,546967.45,0.0377,360,NH,Single Family,0.53,725,30 Days Late
L391641,2025-02-08 21:50:19.024338,811721.18,0.056,180,ID,Townhouse,0.66,849,30 Days Late
L274224,2024-01-16 21:50:19.024343,570821.81,0.0688,180,NJ,Condo,0.53,817,30 Days Late
L942114,2024-09-12 21:50:19.024348,627723.71,0.0419,360,WA,Townhouse,0.53,719,Foreclosure
L534947,2024-03-04 21:50:19.024353,817935.57,0.0396,360,TX,Multi Family,0.7,657,Current
L963258,2024-08-09 21:50:19.024359,215130.09,0.0617,360,VA,Manufactured,0.72,849,Current
L637111,2023-09-21 21:50:19.024364,673904.98,0.0392,360,MA,Single Family,0.74,802,30 Days Late
L594775,2023-10-04 21:50:19.024369,902926.62,0.0469,360,IN,Condo,0.79,738,30 Days Late
L450024,2024-08-25 21:50:19.024374,918696.23,0.0646,180,DE,Multi Family,0.51,759,Foreclosure
L794135,2024-01-09 21:50:19.024379,402777.88,0.0313,180,NY,Multi Family,0.61,846,90 Days Late
L220737,2025-01-01 21:50:19.024384,150836.71,0.0635,180,WV,Condo,0.76,796,60 Days Late
L483353,2024-12-21 21:50:19.024389,578036.07,0.0581,360,GA,Condo,0.53,697,30 Days Late
L426816,2024-02-21 21:50:19.024394,800804.15,0.0663,180,ND,Condo,0.52,627,60 Days Late
L269489,2024-04-10 21:50:19.024400,685037.2,0.0575,180,KS,Multi Family,0.6,641,90 Days Late
L499775,2025-03-02 21:50:19.024405,131805.86,0.0495,180,NE,Manufactured,0.63,738,60 Days Late
L330894,2024-08-16 21:50:19.024410,702082.58,0.0378,180,WY,Single Family,0.77,621,Current
L335341,2023-09-24 21:50:19.024417,504680.94,0.0508,180,OK,Multi Family,0.6,793,60 Days Late
L376249,2024-03-12 21:50:19.024422,314581.66,0.0411,360,CT,Condo,0.77,635,30 Days Late
L897564,2023-11-18 21:50:19.024427,557653.12,0.0322,180,VA,Townhouse,0.83,783,60 Days Late
L577625,2024-02-21 21:50:19.024432,180267.48,0.0368,180,KS,Condo,0.89,823,Foreclosure
L255350,2023-12-31 21:50:19.024437,841982.59,0.067,180,WA,Townhouse,0.58,702,Foreclosure
L893852,2025-01-15 21:50:19.024443,155765.87,0.0696,360,MD,Condo,0.67,728,Foreclosure
L314275,2024-03-14 21:50:19.024448,865193.76,0.0377,180,KY,Multi Family,0.73,713,Current
L621946,2023-06-12 21:50:19.024453,766885.58,0.0693,360,AR,Single Family,0.81,695,30 Days Late
L824079,2025-02-20 21:50:19.024458,277590.4,0.0595,360,TX,Townhouse,0.57,753,Current
L856066,2024-05-17 21:50:19.024463,694052.32,0.0614,360,KY,Manufactured,0.77,843,90 Days Late
L979835,2023-11-08 21:50:19.024468,115240.75,0.0581,180,WA,Multi Family,0.9,611,60 Days Late
L158364,2024-06-18 21:50:19.024473,432042.43,0.0452,180,WI,Single Family,0.56,666,Foreclosure
L268211,2024-08-01 21:50:19.024479,111806.95,0.0406,180,MN,Condo,0.93,794,30 Days Late
L825264,2024-01-05 21:50:19.024484,784232.47,0.0323,180,ID,Condo,0.79,728,90 Days Late
L711620,2024-05-06 21:50:19.024489,214130.43,0.0575,360,KY,Manufactured,0.85,753,60 Days Late
L192399,2024-06-08 21:50:19.024494,744896.35,0.0648,180,NJ,Townhouse,0.88,700,60 Days Late
L423746,2024-04-22 21:50:19.024499,937790.68,0.046,180,TX,Condo,0.51,601,30 Days Late
L356659,2025-04-20 21:50:19.024504,573168.79,0.0607,180,AZ,Multi Family,0.87,813,90 Days Late
L783903,2024-07-06 21:50:19.024509,734717.71,0.0622,180,NM,Manufactured,0.64,751,90 Days Late
L473736,2024-12-14 21:50:19.024514,557758.69,0.0549,180,AZ,Condo,0.76,718,30 Days Late
L920781,2023-09-14 21:50:19.024519,683923.82,0.042,360,IN,Multi Family,0.78,831,Foreclosure
L731869,2024-09-30 21:50:19.024524,953933.84,0.0646,360,LA,Manufactured,0.65,795,Current
L477858,2023-07-25 21:50:19.024531,455753.95,0.0662,180,ID,Condo,0.92,701,30 Days Late
L368113,2025-03-07 21:50:19.024536,646757.74,0.0646,360,NY,Single Family,0.61,839,60 Days Late
L749608,2024-04-05 21:50:19.024541,666468.85,0.047,180,MO,Multi Family,0.65,731,30 Days Late
L622701,2023-09-11 21:50:19.024547,220404.9,0.0529,180,HI,Townhouse,0.66,702,30 Days Late
L627406,2023-09-02 21:50:19.024552,965177.51,0.0403,180,CT,Townhouse,0.91,841,90 Days Late
L570152,2023-11-20 21:50:19.024557,473962.25,0.0556,180,MO,Single Family,0.85,791,Foreclosure
L634867,2024-05-14 21:50:19.024562,179793.45,0.0325,180,UT,Condo,0.61,723,30 Days Late
L793885,2025-02-24 21:50:19.024567,914973.23,0.0538,180,WI,Manufactured,0.61,702,Foreclosure
L921037,2025-04-09 21:50:19.024572,235061.72,0.0639,180,TN,Townhouse,0.77,806,30 Days Late
L104920,2023-06-12 21:50:19.024577,925589.21,0.0462,360,SD,Manufactured,0.61,653,60 Days Late
L714352,2024-10-06 21:50:19.024582,553102.94,0.0457,180,TN,Townhouse,0.6,668,Current
L115476,2025-02-16 21:50:19.024587,539051.09,0.0549,360,IN,Single Family,0.62,654,Current
L624594,2023-12-06 21:50:19.024592,849388.51,0.0368,180,MI,Townhouse,0.51,583,90 Days Late
L329559,2024-09-29 21:50:19.024598,689232.39,0.031,180,AZ,Townhouse,0.72,780,60 Days Late
L781006,2024-10-17 21:50:19.024603,332342.7,0.047,180,KY,Townhouse,0.58,655,90 Days Late
L214553,2024-12-14 21:50:19.024608,194939.78,0.0464,360,MD,Multi Family,0.79,758,30 Days Late
L846256,2024-06-23 21:50:19.024613,655459.01,0.0433,180,OH,Townhouse,0.84,747,90 Days Late
L185662,2023-07-18 21:50:19.024619,990456.21,0.0515,360,ID,Condo,0.82,835,90 Days Late
L315397,2024-11-29 21:50:19.024624,329013.39,0.0552,360,SD,Manufactured,0.67,796,30 Days Late
L295615,2023-12-22 21:50:19.024629,724684.48,0.0468,180,DE,Townhouse,0.64,642,90 Days Late
L433127,2024-04-25 21:50:19.024634,648545.47,0.0533,360,WV,Single Family,0.65,775,Foreclosure
L262594,2023-07-25 21:50:19.024639,236930.37,0.0549,360,AK,Single Family,0.58,835,60 Days Late
L363259,2025-03-21 21:50:19.024645,712277.97,0.0301,180,SD,Manufactured,0.92,791,30 Days Late
L896847,2024-06-03 21:50:19.024650,104915.8,0.0497,180,MN,Manufactured,0.9,757,60 Days Late
L212350,2025-05-03 21:50:19.024655,545091.6,0.0485,180,MO,Condo,0.6,659,90 Days Late
L243841,2024-09-13 21:50:19.024660,453124.37,0.0525,360,UT,Single Family,0.51,840,Current
L648454,2023-08-25 21:50:19.024665,720353.78,0.0466,180,MA,Condo,0.68,772,30 Days Late
L790200,2024-02-16 21:50:19.024670,212365.23,0.0604,360,KY,Single Family,0.88,755,Foreclosure
L702554,2024-10-11 21:50:19.024675,610406.07,0.0378,180,ND,Townhouse,0.78,651,60 Days Late
L332073,2024-03-15 21:50:19.024680,523470.76,0.0531,360,FL,Condo,0.64,638,90 Days Late
L561441,2025-05-25 21:50:19.024685,479913.61,0.0541,180,CT,Single Family,0.63,772,60 Days Late
L486878,2024-10-11 21:50:19.024691,915956.3,0.0428,180,NH,Single Family,0.75,740,60 Days Late
L964736,2025-05-26 21:50:19.024696,378228.96,0.0366,180,UT,Townhouse,0.75,654,90 Days Late
L760181,2025-03-31 21:50:19.024701,176925.38,0.0416,180,MI,Multi Family,0.69,791,Current
L261831,2024-08-10 21:50:19.024707,352373.61,0.0553,180,NV,Townhouse,0.85,604,Foreclosure
L297202,2025-03-16 21:50:19.024713,459977.13,0.0664,180,KS,Multi Family,0.64,693,60 Days Late
L224648,2025-01-24 21:50:19.024718,793681.73,0.0673,180,DE,Condo,0.89,798,30 Days Late
L649794,2023-10-22 21:50:19.024723,839990.36,0.0316,360,WI,Manufactured,0.75,744,Current
L871613,2023-05-30 21:50:19.024728,165106.25,0.0669,360,NY,Single Family,0.66,774,Current
L645881,2025-01-02 21:50:19.024733,801458.85,0.0423,360,MD,Townhouse,0.76,632,Current
L560263,2023-11-06 21:50:19.024738,433952.94,0.0429,360,AZ,Manufactured,0.64,586,60 Days Late
L575368,2025-05-19 21:50:19.024743,531625.61,0.0334,180,MD,Single Family,0.61,641,30 Days Late
L183228,2023-08-31 21:50:19.024748,958172.98,0.0551,360,OH,Condo,0.67,661,60 Days Late
L565658,2024-08-25 21:50:19.024753,123044.81,0.0466,180,KS,Manufactured,0.74,692,90 Days Late
L319614,2024-02-10 21:50:19.024758,329933.66,0.0642,360,OK,Condo,0.6,762,30 Days Late
L257155,2023-12-15 21:50:19.024764,572172.64,0.0603,180,IN,Multi Family,0.63,600,Foreclosure
L708510,2025-01-24 21:50:19.024769,493023.86,0.0599,360,NY,Multi Family,0.69,812,Current
L683238,2024-05-09 21:50:19.024774,832478.41,0.0434,180,AR,Townhouse,0.89,585,Current
L691764,2025-01-22 21:50:19.024780,750587.8,0.0573,360,OR,Manufactured,0.81,791,90 Days Late
L314675,2024-10-12 21:50:19.024785,177911.88,0.047,180,MO,Condo,0.57,639,90 Days Late
L198068,2024-02-20 21:50:19.024790,628697.2,0.066,180,KY,Multi Family,0.58,607,90 Days Late
L937941,2025-05-11 21:50:19.024795,788704.51,0.032,180,NJ,Multi Family,0.5,815,90 Days Late
L794799,2025-02-15 21:50:19.024800,100327.66,0.0308,180,OR,Townhouse,0.55,602,60 Days Late
L363390,2024-06-12 21:50:19.024809,943867.35,0.0625,360,IN,Single Family,0.54,833,Foreclosure
L547267,2023-08-17 21:50:19.024814,320271.03,0.0364,360,PA,Multi Family,0.89,768,Foreclosure
L895329,2024-02-22 21:50:19.024819,495933.22,0.0327,180,HI,Multi Family,0.68,618,90 Days Late
L391133,2025-05-20 21:50:19.024824,472103.23,0.0651,180,KS,Condo,0.83,718,60 Days Late
L106438,2024-04-04 21:50:19.024829,533190.47,0.065,180,MN,Multi Family,0.71,831,30 Days Late
L937948,2025-01-27 21:50:19.024835,195020.15,0.0432,180,NH,Multi Family,0.93,779,Foreclosure
L724641,2023-12-10 21:50:19.024840,534834.16,0.0614,360,DE,Condo,0.68,684,30 Days Late
L845151,2025-04-13 21:50:19.024845,626798.35,0.0344,180,KS,Manufactured,0.73,601,Current
L409298,2023-07-15 21:50:19.024850,745359.4,0.0335,360,GA,Multi Family,0.71,679,Current
L305285,2024-03-24 21:50:19.024855,393316.01,0.0369,360,AZ,Townhouse,0.58,660,90 Days Late
L236882,2024-10-22 21:50:19.024860,407387.87,0.0613,360,ME,Townhouse,0.65,846,Current
L258355,2023-09-28 21:50:19.024865,995309.01,0.0323,360,AL,Manufactured,0.51,790,60 Days Late
L764250,2024-10-28 21:50:19.024870,382402.61,0.0594,180,ID,Multi Family,0.78,777,30 Days Late
L427059,2025-02-20 21:50:19.024875,321237.49,0.0504,180,NM,Condo,0.85,749,90 Days Late
L822467,2025-05-04 21:50:19.024880,943042.43,0.0579,360,MA,Condo,0.52,684,60 Days Late
L249717,2024-11-11 21:50:19.024885,121986.33,0.0387,360,VA,Condo,0.63,721,Current
L817111,2024-04-22 21:50:19.024890,144972.8,0.0655,180,AK,Multi Family,0.6,776,60 Days Late
L225486,2023-09-25 21:50:19.024896,198392.21,0.0544,180,UT,Manufactured,0.87,582,90 Days Late
L291011,2024-01-23 21:50:19.024901,155891.85,0.0611,360,SD,Manufactured,0.63,777,90 Days Late
L898452,2024-11-29 21:50:19.024906,801806.01,0.0609,180,LA,Condo,0.59,801,Foreclosure
L981188,2024-08-13 21:50:19.024911,647838.31,0.036,360,OR,Single Family,0.57,656,30 Days Late
L787952,2024-06-15 21:50:19.024916,585368.89,0.0507,360,WA,Condo,0.55,600,30 Days Late
L687971,2023-06-20 21:50:19.024921,540747.68,0.0626,180,AZ,Multi Family,0.89,766,Foreclosure
L758638,2024-11-14 21:50:19.024926,539764.76,0.0507,360,CA,Townhouse,0.75,829,Foreclosure
L379122,2024-01-18 21:50:19.024931,648964.03,0.0554,360,TX,Townhouse,0.74,651,90 Days Late
L228275,2023-11-03 21:50:19.024936,107749.28,0.0352,360,NY,Manufactured,0.69,587,90 Days Late
L154895,2024-05-11 21:50:19.024942,866599.7,0.052,180,NV,Condo,0.63,613,Current
L666820,2024-09-19 21:50:19.024947,653061.17,0.0597,180,TX,Single Family,0.86,796,Current
L319028,2024-07-24 21:50:19.024952,866052.69,0.0547,180,SD,Townhouse,0.72,771,30 Days Late
L497422,2023-12-19 21:50:19.024957,849710.21,0.0379,180,UT,Multi Family,0.77,716,60 Days Late
L433251,2025-03-08 21:50:19.024962,238715.47,0.0423,360,MS,Condo,0.76,664,90 Days Late
L949519,2024-04-11 21:50:19.024967,690717.42,0.0334,360,CO,Manufactured,0.68,705,30 Days Late
L665771,2023-11-02 21:50:19.024972,836644.54,0.0392,180,GA,Single Family,0.77,587,Current
L559231,2025-04-03 21:50:19.024977,377743.18,0.0652,180,DE,Multi Family,0.72,655,Foreclosure
L798432,2024-03-22 21:50:19.024982,541214.49,0.0446,360,NJ,Townhouse,0.75,621,90 Days Late
L978630,2024-08-15 21:50:19.024987,695326.16,0.0359,360,CT,Multi Family,0.75,664,Current
L197663,2024-07-05 21:50:19.024993,483255.43,0.0502,180,FL,Condo,0.7,758,Current
L791232,2024-08-15 21:50:19.024998,524419.59,0.0418,360,IL,Condo,0.95,634,60 Days Late
L178245,2024-07-07 21:50:19.025003,566662.13,0.0585,180,TX,Townhouse,0.61,701,30 Days Late
L638797,2025-01-21 21:50:19.025008,932796.6,0.0357,180,MS,Single Family,0.75,778,Current
L608847,2023-05-28 21:50:19.025013,412042.34,0.041,180,WV,Manufactured,0.81,760,30 Days Late
L196395,2023-12-18 21:50:19.025018,625672.48,0.0322,360,MO,Townhouse,0.88,630,30 Days Late
L711954,2024-02-13 21:50:19.025023,342681.94,0.0421,360,RI,Manufactured,0.75,678,Foreclosure
L799929,2024-09-14 21:50:19.025028,262137.09,0.0374,180,AR,Single Family,0.57,820,Foreclosure
L416437,2024-12-07 21:50:19.025033,764109.86,0.0479,360,SC,Manufactured,0.79,848,60 Days Late
L576563,2023-12-23 21:50:19.025038,655436.23,0.0569,360,OK,Condo,0.61,691,Current
L166226,2025-05-10 21:50:19.025043,164210.4,0.0522,180,MT,Multi Family,0.57,836,30 Days Late
L693216,2024-08-02 21:50:19.025048,876133.35,0.0497,180,NM,Multi Family,0.52,626,30 Days Late
L201008,2025-02-21 21:50:19.025053,370726.58,0.0675,360,PA,Condo,0.82,782,Current
L318220,2024-08-16 21:50:19.025059,977893.76,0.0696,180,OK,Condo,0.79,785,90 Days Late
L740860,2023-10-24 21:50:19.025064,746720.32,0.0549,360,VA,Manufactured,0.83,603,90 Days Late
L977876,2024-03-14 21:50:19.025069,216241.26,0.063,360,NY,Manufactured,0.51,790,60 Days Late
L668244,2024-05-08 21:50:19.025074,632805.8,0.0372,180,RI,Condo,0.68,663,Foreclosure
L496487,2024-10-08 21:50:19.025082,231229.24,0.0569,360,ND,Manufactured,0.93,656,Foreclosure
L824351,2024-11-02 21:50:19.025087,989112.29,0.0388,180,WY,Single Family,0.91,597,Current
L525599,2024-12-04 21:50:19.025092,720438.05,0.0498,360,CT,Condo,0.89,776,90 Days Late
L243203,2023-10-31 21:50:19.025097,588914.36,0.0667,360,CT,Manufactured,0.91,636,60 Days Late
L481975,2024-08-19 21:50:19.025102,114253.57,0.059,360,VT,Townhouse,0.61,723,90 Days Late
L753199,2024-03-17 21:50:19.025107,699195.39,0.0396,360,WI,Single Family,0.87,679,90 Days Late
L856335,2023-08-27 21:50:19.025113,857766.46,0.0569,180,AR,Multi Family,0.59,601,90 Days Late
L541875,2024-09-01 21:50:19.025118,273709.14,0.0461,180,IA,Townhouse,0.7,717,60 Days Late
L544156,2024-05-12 21:50:19.025123,479186.41,0.0323,180,CO,Multi Family,0.52,793,Foreclosure
L545490,2023-10-05 21:50:19.025128,290951.32,0.0507,360,KS,Single Family,0.53,810,90 Days Late
L822922,2025-03-11 21:50:19.025133,840213.2,0.0415,360,CT,Multi Family,0.6,646,Foreclosure
L154677,2024-12-14 21:50:19.025138,224677.55,0.0669,180,MD,Manufactured,0.65,614,90 Days Late
L200940,2023-09-22 21:50:19.025144,355752.33,0.0502,180,WV,Single Family,0.74,762,30 Days Late
L349381,2023-10-11 21:50:19.025149,922526.3,0.0384,360,NE,Multi Family,0.58,588,Foreclosure
L674269,2024-09-17 21:50:19.025154,586738.49,0.0643,180,NM,Townhouse,0.93,714,30 Days Late
L711881,2023-08-10 21:50:19.025159,950899.29,0.0486,180,AL,Single Family,0.78,588,30 Days Late
L120610,2023-10-26 21:50:19.025164,772151.2,0.0417,180,MD,Single Family,0.51,831,Current
L335501,2024-09-26 21:50:19.025169,644781.0,0.0556,360,AL,Condo,0.8,830,30 Days Late
L681889,2025-04-12 21:50:19.025175,374240.18,0.0487,180,MA,Single Family,0.69,816,30 Days Late
L140123,2024-08-28 21:50:19.025180,700326.19,0.053,180,NM,Multi Family,0.57,688,90 Days Late
L144126,2024-12-05 21:50:19.025185,194456.48,0.0695,360,NH,Condo,0.76,712,Current
L193197,2023-11-12 21:50:19.025191,288964.8,0.0624,180,MD,Manufactured,0.84,582,60 Days Late
L164387,2024-06-24 21:50:19.025196,945125.47,0.047,180,MS,Single Family,0.75,610,60 Days Late
L752218,2023-08-12 21:50:19.025201,278101.04,0.0577,180,MN,Townhouse,0.58,682,30 Days Late
L971202,2023-09-28 21:50:19.025206,187468.48,0.0663,360,NC,Townhouse,0.59,642,Foreclosure
L323791,2023-06-28 21:50:19.025211,140571.56,0.0592,360,WY,Townhouse,0.86,694,30 Days Late
L261063,2025-04-02 21:50:19.025216,514636.98,0.0619,180,WV,Multi Family,0.82,849,60 Days Late
L658265,2023-10-17 21:50:19.025222,262005.74,0.041,180,NE,Manufactured,0.76,646,Current
L300068,2024-01-04 21:50:19.025227,320170.57,0.048,360,SD,Multi Family,0.9,750,90 Days Late
L940729,2023-12-25 21:50:19.025232,403961.39,0.0339,180,WA,Single Family,0.64,687,Current
L939669,2024-02-17 21:50:19.025237,243408.05,0.0393,360,UT,Single Family,0.75,826,30 Days Late
L974353,2024-06-13 21:50:19.025243,587443.39,0.0679,180,PA,Condo,0.66,655,Foreclosure
L742404,2025-03-31 21:50:19.025248,230953.64,0.0525,360,HI,Multi Family,0.53,745,90 Days Late
L930382,2024-04-30 21:50:19.025253,306050.66,0.053,180,WV,Manufactured,0.83,597,Foreclosure
L512533,2024-10-22 21:50:19.025258,990053.09,0.0318,180,MA,Condo,0.83,824,90 Days Late
L205784,2024-11-21 21:50:19.025263,506318.3,0.0661,360,IL,Single Family,0.59,828,60 Days Late
L200606,2024-06-10 21:50:19.025268,773938.8,0.05,180,MS,Condo,0.84,581,60 Days Late
L772784,2024-09-02 21:50:19.025274,322557.65,0.0481,360,VT,Condo,0.8,804,Current
L173652,2025-04-08 21:50:19.025279,495749.12,0.0398,360,NV,Condo,0.85,757,30 Days Late
L324069,2023-09-27 21:50:19.025284,378806.31,0.047,180,ME,Townhouse,0.56,763,60 Days Late
L590299,2024-05-19 21:50:19.025290,383799.13,0.0648,360,NH,Townhouse,0.78,805,Current
L440536,2024-02-29 21:50:19.025295,595797.62,0.0531,360,OK,Single Family,0.61,726,Foreclosure
L688279,2024-01-13 21:50:19.025300,575162.35,0.0615,180,FL,Manufactured,0.86,580,60 Days Late
L170131,2024-07-20 21:50:19.025305,704414.5,0.0662,360,SD,Condo,0.87,612,Current
L914150,2025-04-20 21:50:19.025310,804671.38,0.032,180,MT,Single Family,0.65,582,60 Days Late
L811271,2024-07-07 21:50:19.025315,359432.64,0.0341,180,VT,Single Family,0.69,693,Foreclosure
L911820,2023-07-02 21:50:19.025321,994882.51,0.0464,360,MI,Condo,0.78,737,90 Days Late
L569416,2024-03-22 21:50:19.025326,157547.36,0.0425,180,AZ,Multi Family,0.61,820,Foreclosure
L256692,2024-09-21 21:50:19.025331,286772.43,0.049,180,OK,Single Family,0.7,686,30 Days Late
L566428,2023-07-19 21:50:19.025336,360541.8,0.0367,360,AR,Single Family,0.72,756,Current
L255698,2024-01-17 21:50:19.025341,509667.41,0.0478,360,CT,Multi Family,0.51,718,Current
L364986,2023-12-22 21:50:19.025346,872269.41,0.0563,180,AL,Townhouse,0.94,702,Foreclosure
L569195,2025-05-22 21:50:19.025352,959098.21,0.0304,360,MA,Single Family,0.77,670,60 Days Late
L435521,2024-12-03 21:50:19.025361,819894.98,0.0314,360,IL,Single Family,0.91,606,90 Days Late
L859541,2024-11-15 21:50:19.025366,709325.85,0.043,360,MI,Manufactured,0.81,729,Current
L981262,2023-08-27 21:50:19.025372,731275.01,0.0507,360,OH,Multi Family,0.75,689,Current
L462382,2023-12-18 21:50:19.025377,929025.51,0.0474,360,TX,Multi Family,0.79,792,60 Days Late
L587188,2024-09-29 21:50:19.025383,378318.84,0.04,360,ME,Single Family,0.71,788,30 Days Late
L308666,2023-11-19 21:50:19.025388,890906.66,0.0339,180,OR,Multi Family,0.65,635,Current
L767139,2024-08-01 21:50:19.025393,871318.09,0.0588,360,NM,Townhouse,0.6,635,30 Days Late
L472323,2024-07-25 21:50:19.025398,547393.91,0.0528,360,NM,Condo,0.92,688,90 Days Late
L183204,2024-10-06 21:50:19.025403,107902.24,0.0345,180,NM,Condo,0.95,766,Current
L179032,2024-08-23 21:50:19.025409,516652.32,0.0439,360,NH,Multi Family,0.59,630,Current
L936791,2024-04-11 21:50:19.025414,936286.91,0.0603,360,WI,Manufactured,0.67,667,30 Days Late
L737684,2024-12-16 21:50:19.025419,255331.23,0.0373,180,WA,Townhouse,0.75,630,Current
L230931,2024-07-27 21:50:19.025424,979740.17,0.0408,360,AK,Townhouse,0.56,687,30 Days Late
L621456,2024-07-20 21:50:19.025429,537642.96,0.0666,360,IL,Single Family,0.52,589,Foreclosure
L278777,2025-05-02 21:50:19.025434,728751.78,0.0662,180,WA,Multi Family,0.72,623,Current
L358603,2025-05-05 21:50:19.025439,164007.15,0.0622,360,GA,Single Family,0.87,724,Foreclosure
L266877,2023-09-12 21:50:19.025444,383097.69,0.0423,360,OR,Condo,0.59,625,90 Days Late
L696041,2023-06-29 21:50:19.025449,172864.37,0.0326,180,RI,Condo,0.67,785,Foreclosure
L741136,2024-01-22 21:50:19.025455,582553.96,0.0447,180,WY,Condo,0.88,644,90 Days Late
L795119,2023-09-22 21:50:19.025460,322945.19,0.0693,360,NM,Multi Family,0.57,827,Foreclosure
L461861,2023-11-04 21:50:19.025465,621759.68,0.0441,360,IL,Multi Family,0.52,804,90 Days Late
L614911,2024-09-24 21:50:19.025470,737392.0,0.0481,180,SD,Multi Family,0.84,643,Current
L365431,2025-02-24 21:50:19.025475,511309.43,0.0408,180,NE,Townhouse,0.57,841,90 Days Late
L453076,2024-03-23 21:50:19.025480,895035.93,0.0348,360,WY,Multi Family,0.85,709,90 Days Late
L299204,2024-04-01 21:50:19.025485,880227.53,0.0529,180,SC,Single Family,0.53,796,Foreclosure
L619993,2023-10-02 21:50:19.025490,283512.24,0.0408,360,NV,Condo,0.78,799,90 Days Late
L957748,2024-03-26 21:50:19.025495,600338.11,0.05,360,VT,Multi Family,0.85,719,Foreclosure
L551369,2023-07-27 21:50:19.025501,878608.01,0.0535,360,AZ,Single Family,0.66,581,90 Days Late
L722175,2023-07-13 21:50:19.025506,879923.92,0.0629,180,WV,Multi Family,0.56,695,90 Days Late
L906688,2024-02-25 21:50:19.025511,925058.08,0.0591,180,SC,Townhouse,0.77,616,Foreclosure
L802349,2024-09-19 21:50:19.025516,279852.86,0.0456,180,AZ,Townhouse,0.83,745,Current
L299967,2025-04-08 21:50:19.025521,463598.91,0.046,360,WY,Condo,0.91,766,Current
L580799,2024-01-25 21:50:19.025526,239776.73,0.0682,180,NE,Multi Family,0.76,738,30 Days Late
L273837,2023-12-26 21:50:19.025531,400157.5,0.038,180,PA,Townhouse,0.71,651,30 Days Late
L679209,2024-11-26 21:50:19.025537,375282.54,0.0579,360,MN,Condo,0.78,753,Foreclosure
L158823,2024-09-07 21:50:19.025542,702673.55,0.0354,180,NE,Multi Family,0.85,686,Current
L121672,2025-05-06 21:50:19.025547,866268.94,0.0675,180,IN,Townhouse,0.65,620,Current
L567933,2023-11-13 21:50:19.025552,756336.63,0.062,360,TN,Multi Family,0.6,671,Current
L544141,2024-01-11 21:50:19.025557,970963.86,0.0604,180,TN,Single Family,0.8,757,30 Days Late
L951954,2024-10-24 21:50:19.025562,761214.13,0.0489,180,MI,Condo,0.75,655,Foreclosure
L443928,2025-05-02 21:50:19.025567,590516.33,0.0571,360,TX,Single Family,0.55,740,90 Days Late
L743709,2024-02-25 21:50:19.025573,647691.96,0.0378,180,FL,Condo,0.68,783,Current
L471079,2023-11-21 21:50:19.025578,693679.06,0.063,360,WV,Single Family,0.92,775,Current
L433081,2024-01-04 21:50:19.025583,404639.64,0.0665,180,MI,Townhouse,0.77,647,30 Days Late
L623785,2024-11-27 21:50:19.025588,317197.7,0.0562,180,KY,Manufactured,0.83,680,30 Days Late
L582955,2023-07-13 21:50:19.025593,524952.06,0.0566,360,MD,Single Family,0.72,591,60 Days Late
L464662,2023-08-27 21:50:19.025598,806124.83,0.0657,360,AL,Townhouse,0.67,819,60 Days Late
L547203,2024-12-17 21:50:19.025603,964696.0,0.0344,360,HI,Single Family,0.71,714,90 Days Late
L256492,2023-06-07 21:50:19.025608,905054.64,0.045,180,NJ,Single Family,0.92,590,30 Days Late
L410794,2023-08-25 21:50:19.025613,271492.19,0.0641,180,LA,Single Family,0.88,663,Current
L919082,2025-05-21 21:50:19.025618,412862.88,0.0309,180,AZ,Multi Family,0.91,706,30 Days Late
L346478,2024-08-03 21:50:19.025623,220404.59,0.0637,360,MI,Condo,0.85,807,60 Days Late
L141518,2023-07-14 21:50:19.025629,187197.57,0.0637,180,TN,Multi Family,0.77,580,60 Days Late
L129369,2025-02-05 21:50:19.025636,810395.11,0.0307,360,CT,Townhouse,0.7,793,90 Days Late
L215645,2024-01-27 21:50:19.025641,142730.24,0.0606,180,MO,Condo,0.64,619,Foreclosure
L636489,2023-10-24 21:50:19.025646,606736.82,0.0462,360,AK,Condo,0.8,707,Current
L843830,2024-08-02 21:50:19.025651,819949.66,0.0567,360,TN,Multi Family,0.8,807,Foreclosure
L686482,2024-12-16 21:50:19.025656,562492.0,0.0366,360,NC,Multi Family,0.75,682,Foreclosure
L245680,2024-02-24 21:50:19.025661,847665.13,0.043,180,NY,Townhouse,0.7,795,60 Days Late
L497492,2024-02-25 21:50:19.025666,809495.93,0.0375,360,NH,Townhouse,0.55,753,60 Days Late
L194543,2024-05-12 21:50:19.025671,639408.02,0.0563,180,PA,Condo,0.61,832,Current
L579657,2024-12-19 21:50:19.025676,416973.58,0.0423,180,LA,Manufactured,0.68,661,30 Days Late
L933725,2024-09-28 21:50:19.025681,319438.53,0.0678,180,MN,Single Family,0.85,802,90 Days Late
L546309,2023-09-24 21:50:19.025686,415884.9,0.0624,360,WA,Single Family,0.83,736,60 Days Late
L152489,2024-06-25 21:50:19.025691,357788.67,0.0581,180,NJ,Condo,0.78,587,90 Days Late
L748632,2023-08-02 21:50:19.025696,225405.32,0.0416,360,MD,Single Family,0.65,593,Current
L483412,2024-12-16 21:50:19.025701,850704.66,0.07,180,HI,Multi Family,0.73,762,30 Days Late
L570693,2024-07-13 21:50:19.025706,135398.57,0.0477,360,VT,Condo,0.56,632,Current
L864930,2024-06-20 21:50:19.025711,275525.57,0.0511,180,NH,Multi Family,0.7,780,Foreclosure
L542878,2023-11-24 21:50:19.025718,234344.0,0.0548,360,NH,Single Family,0.53,802,30 Days Late
L491067,2025-04-22 21:50:19.025723,109507.57,0.0689,360,NJ,Condo,0.76,723,Current
L667379,2024-08-12 21:50:19.025728,953737.43,0.0302,360,ID,Manufactured,0.87,816,Foreclosure
L735858,2024-05-14 21:50:19.025733,924157.78,0.0512,180,NV,Manufactured,0.83,651,90 Days Late
L894045,2025-04-09 21:50:19.025738,679363.25,0.0331,180,NV,Single Family,0.67,810,90 Days Late
L181905,2024-08-21 21:50:19.025745,650784.6,0.0387,180,SC,Multi Family,0.6,652,90 Days Late
L550265,2023-10-05 21:50:19.025750,388525.19,0.0624,180,ND,Townhouse,0.91,773,90 Days Late
L616251,2024-12-15 21:50:19.025755,858848.19,0.0672,360,AZ,Condo,0.62,843,Current
L223671,2023-11-12 21:50:19.025760,664350.89,0.0356,360,SC,Condo,0.77,608,60 Days Late
L816418,2024-04-30 21:50:19.025765,159740.95,0.0547,180,PA,Manufactured,0.86,602,60 Days Late
L791392,2024-06-14 21:50:19.025770,180387.78,0.0615,360,MT,Manufactured,0.79,718,Current
L332146,2023-07-06 21:50:19.025776,459284.41,0.0363,360,WI,Townhouse,0.66,794,90 Days Late
L791638,2024-10-23 21:50:19.025780,196262.58,0.0354,180,AZ,Manufactured,0.66,652,Current
L763168,2025-01-28 21:50:19.025785,565450.89,0.0548,180,OH,Condo,0.83,607,Current
L117823,2024-05-26 21:50:19.025790,514971.7,0.0385,180,WA,Condo,0.89,667,Foreclosure
L243979,2023-11-09 21:50:19.025795,731311.21,0.0652,180,KY,Single Family,0.8,766,Foreclosure
L676051,2023-12-29 21:50:19.025801,353999.44,0.0502,180,IA,Multi Family,0.55,636,90 Days Late
L237912,2023-07-01 21:50:19.025806,889769.46,0.0536,180,IA,Multi Family,0.81,622,Foreclosure
L664750,2024-08-09 21:50:19.025811,557751.12,0.0573,180,LA,Manufactured,0.63,619,Current
L486743,2023-07-31 21:50:19.025816,737113.07,0.033,360,MN,Townhouse,0.64,669,Current
L859845,2023-08-05 21:50:19.025821,636204.66,0.0657,360,UT,Multi Family,0.68,751,30 Days Late
L255281,2023-08-19 21:50:19.025826,722910.43,0.0557,360,IL,Manufactured,0.78,605,Foreclosure
L610293,2024-09-12 21:50:19.025831,479242.39,0.0562,180,OH,Townhouse,0.86,721,60 Days Late
L426494,2023-09-23 21:50:19.025836,882106.89,0.0433,360,MA,Townhouse,0.68,616,Current
L250287,2024-06-30 21:50:19.025842,934832.96,0.0598,360,UT,Townhouse,0.56,756,30 Days Late
L251287,2025-01-25 21:50:19.025847,191892.86,0.0487,360,FL,Manufactured,0.83,710,30 Days Late
L980245,2024-08-17 21:50:19.025852,988475.12,0.0398,360,MI,Multi Family,0.91,732,30 Days Late
L782244,2024-07-03 21:50:19.025857,189415.03,0.0686,360,HI,Condo,0.55,741,Foreclosure
L969364,2024-10-12 21:50:19.025863,802064.02,0.0646,180,CT,Multi Family,0.82,845,30 Days Late
L287840,2025-02-18 21:50:19.025868,105412.07,0.0331,360,DE,Condo,0.57,643,Foreclosure
L800688,2023-12-02 21:50:19.025873,977262.48,0.0601,180,IA,Condo,0.73,720,30 Days Late
L352605,2024-12-24 21:50:19.025878,260717.83,0.061,180,HI,Manufactured,0.6,735,Foreclosure
L945373,2024-07-01 21:50:19.025884,310006.32,0.0497,360,GA,Manufactured,0.61,719,60 Days Late
L436689,2023-11-30 21:50:19.025889,413963.22,0.0477,360,DE,Multi Family,0.77,661,60 Days Late
L238293,2023-06-25 21:50:19.025894,448241.66,0.0437,180,WA,Townhouse,0.61,646,30 Days Late
L656826,2023-09-13 21:50:19.025899,196905.21,0.0665,180,IL,Manufactured,0.57,589,Current
L859173,2024-12-10 21:50:19.025904,115131.01,0.0422,360,ID,Single Family,0.91,662,90 Days Late
L364945,2025-01-04 21:50:19.025910,890757.23,0.0569,180,NM,Condo,0.59,836,30 Days Late
L676335,2024-06-01 21:50:19.025916,448355.6,0.0586,180,NC,Multi Family,0.74,707,Foreclosure
L946213,2024-09-18 21:50:19.025921,350349.89,0.0533,360,MT,Single Family,0.94,758,30 Days Late
L773654,2025-02-09 21:50:19.025926,347163.33,0.0471,180,NV,Multi Family,0.72,763,90 Days Late
L816431,2025-02-09 21:50:19.025931,625105.02,0.0362,180,NJ,Condo,0.59,619,30 Days Late
L452703,2024-05-21 21:50:19.025936,697260.53,0.0401,360,AZ,Condo,0.9,810,60 Days Late
L845037,2024-02-17 21:50:19.025941,559941.09,0.0522,360,PA,Condo,0.9,829,Current
L526830,2024-01-23 21:50:19.025946,584859.52,0.0473,180,OR,Multi Family,0.51,792,30 Days Late
L208285,2024-02-18 21:50:19.025951,997729.8,0.0467,360,SD,Condo,0.87,636,Foreclosure
L220964,2024-09-16 21:50:19.025956,835062.04,0.0316,180,SD,Townhouse,0.9,770,30 Days Late
L107825,2023-10-23 21:50:19.025962,265770.77,0.0531,360,NM,Townhouse,0.81,695,Foreclosure
L160554,2023-10-20 21:50:19.025967,778585.41,0.0456,180,NJ,Multi Family,0.85,755,30 Days Late
L318058,2024-11-05 21:50:19.025972,646553.31,0.041,360,OK,Condo,0.84,778,Current
L253991,2024-06-11 21:50:19.025977,728263.73,0.0465,180,WV,Manufactured,0.58,621,Current
L531855,2024-07-06 21:50:19.025982,373977.25,0.0531,360,MO,Townhouse,0.92,741,30 Days Late
L953143,2023-07-05 21:50:19.025988,140060.25,0.0408,360,NE,Manufactured,0.75,820,Current
L579632,2023-12-02 21:50:19.025993,979331.29,0.0328,180,KS,Condo,0.57,773,90 Days Late
L359973,2025-01-04 21:50:19.025998,746523.17,0.0397,180,TN,Condo,0.92,623,90 Days Late
L537332,2025-05-21 21:50:19.026003,489924.75,0.0456,360,GA,Multi Family,0.81,835,60 Days Late
L695241,2025-03-29 21:50:19.026008,655357.61,0.0386,180,GA,Condo,0.71,685,Foreclosure
L331761,2023-06-18 21:50:19.026013,595191.71,0.0308,360,HI,Townhouse,0.67,649,90 Days Late
L584890,2024-08-12 21:50:19.026018,197637.15,0.0501,360,KS,Condo,0.63,680,30 Days Late
L915302,2024-04-14 21:50:19.026024,211069.72,0.0329,180,KY,Manufactured,0.7,611,30 Days Late
L901256,2024-12-03 21:50:19.026029,175478.75,0.0657,360,NY,Townhouse,0.73,743,30 Days Late
L333115,2024-09-19 21:50:19.026036,337559.09,0.0655,360,HI,Manufactured,0.79,725,90 Days Late
L374728,2023-09-02 21:50:19.026042,353963.88,0.0554,360,GA,Condo,0.8,708,90 Days Late
L437464,2023-09-07 21:50:19.026047,629593.01,0.0698,360,VA,Condo,0.89,806,Foreclosure
L765289,2023-12-22 21:50:19.026052,436266.46,0.0423,360,AZ,Single Family,0.62,758,Current
L311152,2025-03-28 21:50:19.026057,532364.53,0.0598,360,UT,Single Family,0.76,684,Current
L686941,2023-08-12 21:50:19.026062,632379.23,0.0574,180,NV,Condo,0.51,797,30 Days Late
L656194,2023-11-09 21:50:19.026067,759248.4,0.0574,360,CT,Manufactured,0.62,581,90 Days Late
L975924,2024-04-30 21:50:19.026072,180725.26,0.0373,180,AR,Condo,0.7,758,Current
L594921,2024-01-19 21:50:19.026077,125843.06,0.0443,180,NE,Multi Family,0.74,614,Current
L514797,2023-06-23 21:50:19.026082,734184.36,0.0612,180,MS,Condo,0.64,783,60 Days Late
L722327,2025-05-09 21:50:19.026088,283801.49,0.0514,180,CA,Condo,0.68,802,Current
L866505,2025-05-22 21:50:19.026093,311001.28,0.0438,360,WI,Multi Family,0.86,770,60 Days Late
L959642,2024-08-23 21:50:19.026098,667119.7,0.0333,360,OK,Manufactured,0.91,605,30 Days Late
L982942,2024-07-10 21:50:19.026103,598736.71,0.0332,180,AK,Townhouse,0.61,637,Foreclosure
L335927,2024-04-28 21:50:19.026108,776294.71,0.0696,180,ID,Multi Family,0.64,730,30 Days Late
L801880,2024-12-29 21:50:19.026113,115890.45,0.0418,360,UT,Manufactured,0.94,832,Foreclosure
L362404,2024-12-16 21:50:19.026118,939797.27,0.0335,360,TN,Single Family,0.6,596,90 Days Late
L561409,2024-05-22 21:50:19.026123,507127.32,0.0454,180,KS,Townhouse,0.8,698,Foreclosure
L165027,2024-12-15 21:50:19.026129,138887.63,0.0654,360,MT,Single Family,0.88,688,60 Days Late
L633993,2024-09-22 21:50:19.026134,458913.48,0.0582,360,GA,Manufactured,0.77,677,60 Days Late
L263118,2024-02-05 21:50:19.026139,927235.83,0.0698,360,SC,Multi Family,0.73,841,30 Days Late
L460329,2025-05-10 21:50:19.026144,553423.56,0.038,360,NV,Multi Family,0.59,596,60 Days Late
L713253,2024-08-11 21:50:19.026149,378598.83,0.0414,180,CT,Condo,0.71,597,30 Days Late
L132434,2023-12-25 21:50:19.026154,748229.04,0.0473,360,MS,Condo,0.88,825,60 Days Late
L217575,2024-09-21 21:50:19.026159,729891.71,0.0341,180,VT,Multi Family,0.63,580,Current
L242389,2023-08-19 21:50:19.026165,407565.33,0.0431,360,CA,Manufactured,0.64,698,Current
L287808,2024-05-29 21:50:19.026170,359923.53,0.0458,360,WA,Condo,0.54,692,Foreclosure
L406776,2024-07-27 21:50:19.026175,444027.79,0.0652,180,CA,Townhouse,0.57,621,90 Days Late
L270130,2024-02-01 21:50:19.026180,660709.18,0.0452,180,MI,Single Family,0.65,657,30 Days Late
L476454,2023-11-07 21:50:19.026187,550278.7,0.0627,360,NY,Condo,0.8,785,Current
L199315,2024-12-03 21:50:19.026192,487819.49,0.0322,180,NM,Townhouse,0.52,661,60 Days Late
L214999,2025-01-22 21:50:19.026197,195829.23,0.0456,360,GA,Condo,0.59,767,90 Days Late
L633324,2024-12-25 21:50:19.026202,885124.74,0.0324,360,AL,Manufactured,0.65,808,Current
L163656,2024-06-15 21:50:19.026207,131019.05,0.049,180,NC,Townhouse,0.68,836,Current
L658278,2025-03-19 21:50:19.026212,595070.04,0.0335,360,RI,Manufactured,0.89,779,30 Days Late
L592722,2025-03-05 21:50:19.026217,298397.04,0.0399,360,LA,Manufactured,0.83,611,30 Days Late
L304874,2023-11-30 21:50:19.026222,756495.93,0.0624,360,NC,Single Family,0.77,780,Current
L122562,2025-05-17 21:50:19.026227,244073.67,0.0318,180,IN,Multi Family,0.56,708,30 Days Late
L290526,2024-05-17 21:50:19.026232,728682.87,0.0507,360,KS,Townhouse,0.61,582,60 Days Late
L748250,2024-01-03 21:50:19.026237,562799.07,0.0654,180,SD,Manufactured,0.53,685,Foreclosure
L917228,2024-02-07 21:50:19.026242,947717.89,0.0649,180,AL,Manufactured,0.62,623,Current
L583412,2023-12-08 21:50:19.026247,927111.13,0.0439,180,VT,Condo,0.69,758,30 Days Late
L263808,2024-05-11 21:50:19.026252,765988.78,0.0304,180,OR,Condo,0.87,675,Current
L306013,2024-07-20 21:50:19.026257,671146.56,0.0532,180,FL,Manufactured,0.6,816,60 Days Late
L261679,2023-06-25 21:50:19.026262,924484.63,0.0608,180,CO,Multi Family,0.65,777,30 Days Late
L936714,2025-02-23 21:50:19.026267,271262.82,0.054,360,TX,Manufactured,0.93,580,60 Days Late
L327563,2023-10-12 21:50:19.026272,147611.42,0.0355,180,UT,Multi Family,0.64,746,90 Days Late
L334769,2025-04-25 21:50:19.026277,178227.47,0.0613,180,PA,Multi Family,0.93,785,90 Days Late
L300871,2023-07-24 21:50:19.026282,143971.5,0.0507,360,MN,Manufactured,0.7,652,30 Days Late
L378728,2024-05-02 21:50:19.026287,374045.37,0.0638,180,MA,Manufactured,0.67,818,90 Days Late
L129761,2024-04-29 21:50:19.026293,132030.63,0.0382,180,UT,Condo,0.94,590,30 Days Late
L191054,2025-03-16 21:50:19.026298,279423.17,0.0578,180,OR,Manufactured,0.62,796,90 Days Late
L934759,2024-08-03 21:50:19.026303,338116.33,0.0672,360,AR,Single Family,0.74,743,30 Days Late
L701678,2024-05-31 21:50:19.026308,283345.8,0.0558,360,OK,Townhouse,0.93,810,Foreclosure
L696627,2025-03-25 21:50:19.026313,520572.59,0.0496,180,AK,Townhouse,0.76,691,Foreclosure
L290323,2025-03-26 21:50:19.026318,291875.43,0.0565,360,MS,Multi Family,0.6,702,30 Days Late
L764529,2024-10-11 21:50:19.026323,116407.34,0.057,180,GA,Manufactured,0.65,779,60 Days Late
L538460,2025-03-22 21:50:19.026328,931852.8,0.0468,180,OH,Condo,0.52,602,Current
L587316,2023-12-15 21:50:19.026334,705168.2,0.063,180,AK,Manufactured,0.79,596,Current
L905975,2024-05-21 21:50:19.026339,246252.12,0.0578,360,CT,Manufactured,0.87,840,90 Days Late
L824552,2024-05-08 21:50:19.026344,568707.45,0.0375,360,KS,Manufactured,0.51,760,Current
L529680,2024-05-26 21:50:19.026349,513286.62,0.0638,180,NJ,Single Family,0.59,738,Current
L922528,2024-01-04 21:50:19.026354,461221.96,0.0442,360,AK,Condo,0.62,647,60 Days Late
L364471,2024-07-12 21:50:19.026359,347480.07,0.0542,360,NE,Manufactured,0.86,621,30 Days Late
L717385,2024-02-10 21:50:19.026364,671908.24,0.0486,180,OR,Townhouse,0.81,682,60 Days Late
L358941,2023-08-07 21:50:19.026369,865729.99,0.0382,180,VT,Condo,0.66,678,Foreclosure
L578294,2024-06-05 21:50:19.026374,895609.85,0.0687,180,ND,Condo,0.93,733,Foreclosure
L214302,2024-05-29 21:50:19.026379,573045.85,0.0475,360,NY,Townhouse,0.82,672,Current
L482426,2025-02-07 21:50:19.026384,735296.49,0.0626,180,WI,Townhouse,0.81,777,30 Days Late
L110539,2024-03-12 21:50:19.026389,416662.42,0.0607,360,MI,Townhouse,0.59,627,Current
L500917,2024-03-15 21:50:19.026394,723180.59,0.0523,180,OK,Multi Family,0.51,807,Foreclosure
L142874,2024-06-28 21:50:19.026401,256437.75,0.0459,360,SD,Manufactured,0.54,708,60 Days Late
L580203,2024-08-31 21:50:19.026406,281281.58,0.0336,360,CT,Townhouse,0.64,639,60 Days Late
L456923,2024-01-24 21:50:19.026411,669119.03,0.0528,360,ND,Townhouse,0.68,748,30 Days Late
L744398,2023-12-14 21:50:19.026417,865484.19,0.0466,360,KS,Condo,0.67,724,90 Days Late
L366794,2023-11-30 21:50:19.026422,944771.89,0.0654,180,VA,Single Family,0.87,630,90 Days Late
L957975,2024-09-17 21:50:19.026427,662922.21,0.044,180,KY,Manufactured,0.51,585,60 Days Late
L234738,2024-05-07 21:50:19.026432,116705.09,0.0502,180,AR,Townhouse,0.51,707,90 Days Late
L203002,2024-10-09 21:50:19.026437,617930.08,0.0541,360,KS,Condo,0.88,587,90 Days Late
L928977,2023-07-03 21:50:19.026442,833255.71,0.0497,180,UT,Manufactured,0.72,632,Current
L387441,2023-11-28 21:50:19.026447,193117.13,0.0304,180,RI,Multi Family,0.63,834,60 Days Late
L911713,2025-01-29 21:50:19.026453,416837.0,0.0522,360,TN,Townhouse,0.74,614,90 Days Late
L275735,2024-12-29 21:50:19.026460,597221.68,0.0423,180,WV,Condo,0.52,747,60 Days Late
L100061,2023-07-24 21:50:19.026465,100524.89,0.0592,180,SC,Multi Family,0.83,749,90 Days Late
L978897,2023-09-04 21:50:19.026470,330532.65,0.0525,360,AR,Multi Family,0.93,681,30 Days Late
L133066,2023-06-01 21:50:19.026475,493149.97,0.0475,360,AL,Single Family,0.86,843,Current
L936917,2024-07-24 21:50:19.026480,797773.15,0.051,180,MO,Condo,0.74,828,Foreclosure
L774912,2025-04-17 21:50:19.026485,175060.31,0.0454,180,AL,Single Family,0.91,781,Foreclosure
L544718,2024-07-15 21:50:19.026491,810652.84,0.0359,360,NM,Townhouse,0.76,680,Current
L988071,2025-01-13 21:50:19.026496,282781.12,0.0446,180,ID,Townhouse,0.88,672,90 Days Late
L955201,2023-08-10 21:50:19.026501,547380.6,0.0365,360,MS,Multi Family,0.76,654,Foreclosure
L315409,2025-05-05 21:50:19.026506,476883.7,0.0383,360,NC,Condo,0.62,766,60 Days Late
L481689,2023-06-22 21:50:19.026511,459632.67,0.0313,360,SD,Manufactured,0.58,769,90 Days Late
L798178,2024-02-14 21:50:19.026516,511553.74,0.0322,360,RI,Condo,0.77,810,60 Days Late
L632824,2024-09-12 21:50:19.026521,397180.43,0.0397,360,UT,Multi Family,0.94,643,30 Days Late
L119999,2025-04-06 21:50:19.026526,884401.11,0.0593,180,CT,Single Family,0.83,613,Current
L280957,2023-12-10 21:50:19.026531,179347.92,0.0372,180,ND,Townhouse,0.56,771,Foreclosure
L711526,2024-07-20 21:50:19.026536,937576.41,0.0344,360,KS,Single Family,0.53,606,Current
L549806,2024-04-23 21:50:19.026541,452912.45,0.0413,360,TN,Single Family,0.8,846,90 Days Late
L995451,2024-08-11 21:50:19.026546,401511.17,0.0489,180,MO,Condo,0.74,787,60 Days Late
L823683,2024-01-04 21:50:19.026551,979130.37,0.0444,360,IN,Multi Family,0.58,741,60 Days Late
L824825,2025-02-05 21:50:19.026556,375882.8,0.0446,180,AK,Townhouse,0.8,835,30 Days Late
L651396,2025-01-17 21:50:19.026561,398800.4,0.0576,180,HI,Multi Family,0.89,702,Current
L182511,2023-10-20 21:50:19.026566,865130.23,0.0385,360,AR,Manufactured,0.76,752,Current
L125536,2025-02-21 21:50:19.026571,241762.64,0.0497,360,NH,Townhouse,0.59,678,Foreclosure
L889881,2024-09-08 21:50:19.026576,180610.28,0.036,360,NJ,Multi Family,0.5,711,Foreclosure
L488576,2025-03-08 21:50:19.026582,156340.22,0.0688,180,MD,Condo,0.79,606,60 Days Late
L862478,2024-03-31 21:50:19.026587,412353.63,0.0654,360,AZ,Multi Family,0.67,847,60 Days Late
L188986,2023-12-19 21:50:19.026592,855565.03,0.0525,180,KY,Manufactured,0.85,687,Current
L480970,2023-12-06 21:50:19.026597,935883.71,0.0506,180,OK,Manufactured,0.79,837,Foreclosure
L360323,2024-11-02 21:50:19.026602,938843.68,0.0696,360,MO,Manufactured,0.81,739,60 Days Late
L814905,2024-05-03 21:50:19.026607,702135.88,0.0551,360,TX,Townhouse,0.9,790,Foreclosure
L764725,2023-12-26 21:50:19.026612,418569.85,0.0585,360,MO,Manufactured,0.89,793,Foreclosure
L501299,2023-09-10 21:50:19.026617,826984.9,0.0588,360,VA,Multi Family,0.55,725,90 Days Late
L505095,2024-02-23 21:50:19.026622,956127.29,0.0527,180,WI,Manufactured,0.89,619,30 Days Late
L117341,2024-04-03 21:50:19.026627,740090.34,0.0578,360,MS,Multi Family,0.9,670,60 Days Late
L912804,2023-09-29 21:50:19.026633,745786.51,0.0617,180,AL,Manufactured,0.89,593,Current
L959558,2025-05-07 21:50:19.026638,460550.43,0.0689,180,NC,Condo,0.74,747,30 Days Late
L945003,2024-06-29 21:50:19.026642,843103.09,0.0553,360,CA,Manufactured,0.82,753,30 Days Late
L966266,2023-11-15 21:50:19.026648,129700.71,0.0488,360,MT,Townhouse,0.85,806,30 Days Late
L874348,2024-01-04 21:50:19.026653,356168.63,0.0457,360,NJ,Single Family,0.53,615,Current
L810734,2023-06-27 21:50:19.026658,655432.79,0.039,180,RI,Townhouse,0.55,672,Current
L345588,2024-03-27 21:50:19.026663,845382.17,0.045,180,NV,Manufactured,0.87,765,90 Days Late
L691865,2023-11-14 21:50:19.026669,826763.79,0.0557,360,RI,Manufactured,0.91,714,90 Days Late
L627928,2024-08-31 21:50:19.026674,284012.54,0.0517,180,AR,Multi Family,0.51,751,Current
L417074,2024-01-19 21:50:19.026679,723342.92,0.0381,180,NH,Manufactured,0.93,683,Current
L176359,2024-02-24 21:50:19.026684,946133.38,0.0349,180,DE,Condo,0.68,661,Current
L613294,2024-03-15 21:50:19.026693,843516.54,0.0625,180,SC,Manufactured,0.52,840,60 Days Late
L596559,2023-10-04 21:50:19.026699,759440.21,0.046,180,CO,Manufactured,0.86,729,30 Days Late
L924391,2024-12-07 21:50:19.026704,787292.49,0.0562,180,MN,Condo,0.7,643,Foreclosure
L197738,2024-08-27 21:50:19.026709,584100.5,0.0339,180,MN,Manufactured,0.52,673,Current
L145542,2025-04-18 21:50:19.026714,253425.87,0.0496,360,FL,Multi Family,0.67,622,Current
L540343,2024-07-22 21:50:19.026719,329741.81,0.0435,360,MO,Condo,0.89,582,60 Days Late
L779568,2025-01-04 21:50:19.026724,724590.07,0.0646,360,CT,Manufactured,0.53,833,Foreclosure
L503393,2024-03-02 21:50:19.026729,330762.49,0.0613,180,WI,Single Family,0.63,750,60 Days Late
L593792,2024-07-17 21:50:19.026736,245893.15,0.0583,180,ME,Single Family,0.87,822,60 Days Late
L164823,2023-09-16 21:50:19.026741,529334.66,0.0448,180,LA,Manufactured,0.6,740,60 Days Late
L445769,2024-03-27 21:50:19.026746,955306.18,0.0511,360,NH,Condo,0.54,709,Foreclosure
L387921,2023-12-11 21:50:19.026751,257348.9,0.0455,360,ME,Single Family,0.72,627,Current
L263992,2025-03-23 21:50:19.026756,710141.04,0.052,180,UT,Single Family,0.89,599,90 Days Late
L460488,2025-03-24 21:50:19.026761,749038.02,0.0442,360,MN,Single Family,0.69,818,30 Days Late
L363536,2023-09-02 21:50:19.026766,872580.93,0.0477,360,VA,Townhouse,0.84,656,Foreclosure
L900724,2023-09-08 21:50:19.026772,576018.23,0.039,360,OR,Multi Family,0.78,680,90 Days Late
L425827,2025-03-23 21:50:19.026777,589825.21,0.036,180,OR,Manufactured,0.93,798,30 Days Late
L379601,2023-11-10 21:50:19.026782,204081.36,0.0677,180,MO,Condo,0.94,824,30 Days Late
L348740,2023-09-24 21:50:19.026787,431801.88,0.0625,180,NE,Manufactured,0.92,640,60 Days Late
L908232,2024-07-04 21:50:19.026792,983996.93,0.0617,360,AL,Manufactured,0.8,583,90 Days Late
L795939,2024-01-14 21:50:19.026797,820918.61,0.0395,180,NE,Condo,0.91,773,30 Days Late
L467512,2023-09-19 21:50:19.026802,264734.28,0.0684,180,AR,Multi Family,0.94,592,60 Days Late
L125344,2024-03-07 21:50:19.026808,199592.21,0.0591,180,OK,Single Family,0.89,780,60 Days Late
L809073,2024-09-11 21:50:19.026813,325287.43,0.068,180,KY,Multi Family,0.9,591,Foreclosure
L513360,2024-11-04 21:50:19.026818,213458.36,0.0541,360,NC,Townhouse,0.63,591,90 Days Late
L314690,2024-06-09 21:50:19.026823,910682.84,0.0639,360,UT,Multi Family,0.91,626,90 Days Late
L150176,2023-06-10 21:50:19.026828,364873.82,0.0338,180,MS,Single Family,0.9,767,Foreclosure
L940612,2024-05-30 21:50:19.026833,113813.25,0.0347,180,LA,Manufactured,0.83,771,60 Days Late
L507599,2024-09-04 21:50:19.026838,707307.19,0.0483,360,MI,Townhouse,0.78,763,Foreclosure
L663268,2024-04-15 21:50:19.026843,259415.47,0.0499,360,ID,Townhouse,0.68,837,90 Days Late
L217726,2023-10-25 21:50:19.026848,266607.39,0.0622,360,WA,Multi Family,0.7,626,30 Days Late
L158458,2024-11-23 21:50:19.026853,402063.96,0.0584,180,FL,Condo,0.52,646,60 Days Late
L179498,2023-06-24 21:50:19.026858,963578.3,0.0698,360,OR,Condo,0.61,746,Current
L277227,2024-11-04 21:50:19.026863,767890.85,0.0566,180,TX,Multi Family,0.67,639,30 Days Late
L835584,2024-03-12 21:50:19.026868,498680.8,0.0373,180,AR,Single Family,0.78,761,Current
L337272,2024-02-08 21:50:19.026873,689704.52,0.0331,360,CO,Manufactured,0.78,771,Foreclosure
L321740,2023-09-12 21:50:19.026878,979603.22,0.0354,180,KS,Condo,0.75,744,90 Days Late
L775244,2024-05-01 21:50:19.026883,733142.87,0.0684,180,GA,Multi Family,0.54,687,60 Days Late
L533082,2025-03-15 21:50:19.026888,552526.65,0.0463,180,MN,Condo,0.81,637,30 Days Late
L409297,2023-09-12 21:50:19.026893,874346.47,0.0407,180,IN,Multi Family,0.5,638,90 Days Late
L756960,2025-04-06 21:50:19.026898,402835.14,0.0679,360,IN,Condo,0.69,634,30 Days Late
L383704,2023-06-24 21:50:19.026903,321039.02,0.0385,360,AZ,Manufactured,0.54,643,Current
L580158,2025-03-02 21:50:19.026908,828087.59,0.0475,180,ND,Townhouse,0.85,777,30 Days Late
L828454,2024-01-09 21:50:19.026914,643689.61,0.0605,360,NH,Multi Family,0.75,770,Current
L819011,2024-03-27 21:50:19.026919,449203.19,0.0501,360,KS,Townhouse,0.53,846,30 Days Late
L836427,2023-11-20 21:50:19.026924,905015.65,0.0481,180,WA,Townhouse,0.52,644,60 Days Late
L645662,2025-04-11 21:50:19.026929,713581.73,0.0461,180,GA,Condo,0.68,644,Current
L303057,2025-05-15 21:50:19.026934,853120.48,0.0674,180,CT,Single Family,0.95,721,Current
L549340,2024-05-03 21:50:19.026939,145819.34,0.0357,360,KY,Manufactured,0.91,588,90 Days Late
L793948,2023-12-27 21:50:19.026944,379479.8,0.0479,180,LA,Townhouse,0.93,771,Foreclosure
L988178,2025-04-27 21:50:19.026949,976064.1,0.0427,180,OR,Manufactured,0.64,738,30 Days Late
L660074,2024-02-21 21:50:19.026954,934489.89,0.0344,360,OH,Condo,0.55,615,60 Days Late
L488960,2024-06-10 21:50:19.026959,761807.8,0.0455,180,OK,Condo,0.95,649,60 Days Late
L540374,2023-06-06 21:50:19.026964,131940.64,0.0605,180,NJ,Condo,0.84,707,Foreclosure
L866099,2023-08-05 21:50:19.026969,226452.53,0.0377,180,CT,Single Family,0.68,653,Foreclosure
L497181,2024-04-21 21:50:19.026975,137813.02,0.0556,180,NY,Single Family,0.74,740,Current
L187063,2024-05-01 21:50:19.026980,381578.7,0.0419,180,OH,Condo,0.72,636,60 Days Late
L514647,2023-12-30 21:50:19.026985,691434.61,0.0329,360,IL,Multi Family,0.7,727,30 Days Late
L716164,2023-09-18 21:50:19.026990,197040.62,0.0595,360,IL,Single Family,0.66,742,Foreclosure
L143225,2024-01-30 21:50:19.026995,444137.19,0.0668,360,MO,Condo,0.6,584,Foreclosure
L336193,2023-11-10 21:50:19.027000,161238.44,0.0681,180,MO,Manufactured,0.78,740,90 Days Late
L442806,2024-12-26 21:50:19.027006,272699.34,0.0454,360,KY,Manufactured,0.95,714,Current
L423379,2024-12-19 21:50:19.027012,148304.02,0.0655,360,ND,Townhouse,0.56,686,30 Days Late
L834989,2024-01-26 21:50:19.027017,200664.11,0.0362,180,PA,Single Family,0.51,704,Foreclosure
L364100,2024-01-19 21:50:19.027022,450650.14,0.0646,180,MN,Multi Family,0.76,826,60 Days Late
L246688,2023-09-11 21:50:19.027027,685592.02,0.0678,360,NC,Condo,0.81,582,60 Days Late
L508055,2023-09-27 21:50:19.027032,106208.01,0.0381,360,WV,Multi Family,0.65,706,Current
L692217,2023-06-19 21:50:19.027037,766872.63,0.0641,360,PA,Single Family,0.62,815,30 Days Late
L992620,2024-07-05 21:50:19.027042,369196.64,0.069,180,WV,Single Family,0.61,610,90 Days Late
L234482,2025-05-09 21:50:19.027047,741919.7,0.0334,180,DE,Townhouse,0.52,816,90 Days Late
L290617,2023-07-02 21:50:19.027052,279121.23,0.0332,180,WV,Multi Family,0.94,807,Foreclosure
L857924,2023-08-08 21:50:19.027057,297201.44,0.0563,180,GA,Single Family,0.87,688,90 Days Late
L215267,2024-10-04 21:50:19.027064,162163.89,0.0377,180,AZ,Manufactured,0.52,707,90 Days Late
L105094,2025-04-16 21:50:19.027069,828348.22,0.0676,180,VA,Multi Family,0.8,681,Foreclosure
L299141,2025-04-18 21:50:19.027074,259851.5,0.0636,360,DE,Single Family,0.68,836,Foreclosure
L644561,2024-04-24 21:50:19.027080,551533.03,0.0393,360,RI,Townhouse,0.68,778,30 Days Late
L667636,2023-10-17 21:50:19.027084,650233.33,0.0677,180,ND,Townhouse,0.79,624,90 Days Late
L257218,2024-01-26 21:50:19.027089,587494.51,0.061,180,AR,Multi Family,0.84,663,Foreclosure
L589791,2024-10-05 21:50:19.027095,816659.09,0.056,360,CA,Manufactured,0.89,580,Current
L376750,2025-01-27 21:50:19.027100,924470.64,0.0436,360,DE,Condo,0.7,819,Current
L573906,2023-08-19 21:50:19.027105,855490.78,0.0531,180,DE,Townhouse,0.65,610,90 Days Late
L951884,2023-06-23 21:50:19.027110,328769.95,0.0409,180,WY,Single Family,0.93,826,30 Days Late
L336420,2025-05-06 21:50:19.027115,871569.36,0.065,180,VA,Single Family,0.73,845,30 Days Late
L743521,2024-07-22 21:50:19.027120,746551.38,0.0387,180,MA,Condo,0.77,768,Foreclosure
L715401,2024-11-01 21:50:19.027125,571543.17,0.0455,360,IL,Condo,0.93,720,90 Days Late
L948038,2024-04-23 21:50:19.027131,255430.28,0.0585,360,KS,Single Family,0.62,753,Foreclosure
L488192,2023-08-30 21:50:19.027136,603523.65,0.055,360,GA,Condo,0.79,667,Foreclosure
L131998,2024-08-12 21:50:19.027141,961574.6,0.0535,180,WV,Multi Family,0.58,706,Current
L241392,2024-09-30 21:50:19.027147,947727.68,0.0502,180,NV,Single Family,0.94,848,60 Days Late
L218243,2024-08-24 21:50:19.027152,986624.57,0.0382,360,WV,Multi Family,0.68,756,30 Days Late
L503058,2023-06-02 21:50:19.027157,455534.15,0.0432,360,NH,Condo,0.87,689,90 Days Late
L422734,2025-03-31 21:50:19.027162,107725.53,0.0501,360,WA,Multi Family,0.52,844,30 Days Late
L215982,2024-06-06 21:50:19.027167,767000.68,0.0672,180,OR,Townhouse,0.51,681,90 Days Late
L959225,2023-12-14 21:50:19.027172,229668.43,0.047,360,WY,Single Family,0.64,658,Current
L285260,2023-11-10 21:50:19.027178,363316.77,0.0493,360,ID,Condo,0.76,655,90 Days Late
L269418,2023-08-01 21:50:19.027183,921411.78,0.0577,360,IA,Manufactured,0.52,822,30 Days Late
L719766,2024-08-29 21:50:19.027188,698775.39,0.0426,360,MT,Multi Family,0.85,625,Current
L591274,2025-04-23 21:50:19.027193,935481.29,0.0373,360,NH,Townhouse,0.63,833,90 Days Late
L950164,2024-09-23 21:50:19.027198,378201.14,0.032,180,NM,Townhouse,0.77,783,Foreclosure
L657612,2025-03-30 21:50:19.027203,452980.38,0.0585,360,CA,Townhouse,0.69,672,Current
L200679,2023-12-06 21:50:19.027208,619662.85,0.0417,360,RI,Manufactured,0.67,803,90 Days Late
L232904,2025-03-29 21:50:19.027213,489276.21,0.0529,180,MN,Multi Family,0.76,759,Foreclosure
L444855,2023-09-15 21:50:19.027218,564800.49,0.0632,180,NH,Multi Family,0.55,619,60 Days Late
L911565,2023-10-25 21:50:19.027223,567955.94,0.0668,360,RI,Manufactured,0.77,747,90 Days Late
L831011,2023-09-04 21:50:19.027228,994958.03,0.0403,360,NJ,Single Family,0.56,665,30 Days Late
L211446,2023-06-01 21:50:19.027233,872540.02,0.0453,360,CA,Single Family,0.94,752,90 Days Late
L638102,2025-03-15 21:50:19.027238,443039.97,0.0518,360,NV,Single Family,0.73,764,Current
L674761,2024-10-20 21:50:19.027243,666656.75,0.0316,180,MN,Condo,0.94,842,30 Days Late
L628581,2023-07-10 21:50:19.027248,659482.15,0.0465,180,MO,Single Family,0.61,678,30 Days Late
L805627,2025-04-11 21:50:19.027253,541825.16,0.0308,360,ND,Multi Family,0.58,629,Current
L413623,2024-01-08 21:50:19.027258,175553.43,0.0649,360,PA,Single Family,0.89,791,Current
L284071,2025-05-03 21:50:19.027263,302136.38,0.0434,180,TX,Manufactured,0.5,678,30 Days Late
L170859,2024-12-25 21:50:19.027269,876575.6,0.07,180,CT,Manufactured,0.69,627,90 Days Late
L289209,2024-06-02 21:50:19.027274,473714.07,0.0462,180,MI,Single Family,0.61,713,Current
L854031,2023-07-26 21:50:19.027283,431497.1,0.0545,180,NE,Manufactured,0.72,582,90 Days Late
L161600,2024-11-25 21:50:19.027288,159006.64,0.0374,180,NV,Manufactured,0.77,645,60 Days Late
L911267,2024-08-13 21:50:19.027293,625907.77,0.0503,360,NY,Townhouse,0.6,781,90 Days Late
L729523,2024-08-16 21:50:19.027298,450968.29,0.0559,360,VT,Townhouse,0.64,775,90 Days Late
L837888,2023-08-24 21:50:19.027303,902440.3,0.0367,180,TX,Manufactured,0.52,840,30 Days Late
L200233,2024-12-18 21:50:19.027309,721484.55,0.0678,360,WV,Townhouse,0.58,633,90 Days Late
L699107,2023-09-10 21:50:19.027314,970985.22,0.068,360,MT,Manufactured,0.8,803,90 Days Late
L122377,2025-01-03 21:50:19.027319,110369.49,0.0445,360,VT,Single Family,0.79,674,Current
L833778,2025-05-16 21:50:19.027324,874449.97,0.0613,180,KY,Townhouse,0.88,678,Foreclosure
L790969,2024-02-10 21:50:19.027329,613955.14,0.0638,180,AZ,Townhouse,0.58,732,90 Days Late
L366958,2024-02-26 21:50:19.027334,814952.85,0.0537,180,NC,Townhouse,0.92,698,30 Days Late
L638277,2023-08-31 21:50:19.027340,830277.79,0.0642,180,VA,Townhouse,0.77,609,60 Days Late
L100866,2024-02-02 21:50:19.027345,126100.13,0.0591,180,UT,Multi Family,0.84,823,90 Days Late
L488071,2024-09-01 21:50:19.027350,354806.12,0.0428,360,IL,Manufactured,0.92,793,60 Days Late
L571066,2024-05-21 21:50:19.027356,803568.68,0.0657,180,AZ,Condo,0.83,832,30 Days Late
L169808,2025-01-07 21:50:19.027362,684214.72,0.0306,180,MI,Multi Family,0.85,658,Current
L623294,2025-04-29 21:50:19.027367,884550.12,0.0392,180,AR,Single Family,0.51,730,Current
L369148,2023-11-09 21:50:19.027372,532882.46,0.0503,180,VT,Manufactured,0.54,826,Current
L325740,2024-10-29 21:50:19.027377,123630.71,0.0519,180,FL,Single Family,0.52,837,30 Days Late
L309884,2023-12-09 21:50:19.027382,122364.94,0.0573,180,LA,Multi Family,0.51,681,90 Days Late
L436168,2025-02-05 21:50:19.027387,495082.43,0.0472,180,NE,Multi Family,0.56,734,90 Days Late
L392291,2024-08-11 21:50:19.027392,887118.14,0.0656,180,NV,Townhouse,0.86,602,60 Days Late
L429533,2025-04-21 21:50:19.027397,508061.98,0.0603,180,IA,Single Family,0.75,658,90 Days Late
L864091,2024-04-27 21:50:19.027402,505711.74,0.045,180,NH,Multi Family,0.9,786,Foreclosure
L652767,2025-04-21 21:50:19.027407,633760.65,0.0457,360,PA,Condo,0.8,606,90 Days Late
L718838,2023-07-12 21:50:19.027412,386921.14,0.0475,180,AL,Condo,0.56,688,Current
L825495,2025-03-29 21:50:19.027417,478553.51,0.0695,180,OK,Townhouse,0.63,757,Foreclosure
L279589,2024-05-21 21:50:19.027422,818686.32,0.0657,180,AK,Multi Family,0.77,696,Current
L797598,2024-03-12 21:50:19.027427,959098.43,0.0343,180,PA,Single Family,0.87,829,60 Days Late
L659460,2024-10-07 21:50:19.027432,615456.29,0.0528,180,VT,Multi Family,0.59,713,90 Days Late
L466831,2023-10-21 21:50:19.027437,900322.55,0.0439,360,CA,Manufactured,0.8,682,30 Days Late
L391642,2024-10-29 21:50:19.027443,372608.85,0.0423,180,NJ,Manufactured,0.89,605,Current
L870928,2024-08-03 21:50:19.027448,513810.69,0.0572,360,CT,Single Family,0.69,644,60 Days Late
L303893,2023-10-31 21:50:19.027453,189630.55,0.0429,180,IA,Manufactured,0.78,744,30 Days Late
L797035,2024-04-11 21:50:19.027458,403517.77,0.055,180,IN,Condo,0.83,735,60 Days Late
L270243,2025-01-18 21:50:19.027463,459079.04,0.0549,360,MD,Manufactured,0.57,825,Foreclosure
L948731,2024-10-24 21:50:19.027468,681715.2,0.0618,360,LA,Condo,0.81,817,90 Days Late
L843376,2024-10-04 21:50:19.027473,313924.05,0.0586,360,NC,Manufactured,0.57,603,Current
L833054,2025-03-26 21:50:19.027480,673667.19,0.0416,360,OR,Multi Family,0.83,830,Current
L858838,2024-11-07 21:50:19.027485,765127.45,0.063,360,ME,Single Family,0.55,734,60 Days Late
L695310,2024-12-18 21:50:19.027490,534840.5,0.0493,180,OR,Townhouse,0.84,837,60 Days Late
L625761,2024-10-25 21:50:19.027495,176106.23,0.0623,360,LA,Condo,0.76,653,60 Days Late
L967123,2024-09-11 21:50:19.027500,537497.4,0.0571,180,ND,Townhouse,0.78,719,60 Days Late
L850325,2025-04-23 21:50:19.027505,611068.99,0.044,360,CA,Multi Family,0.69,709,30 Days Late
L730911,2023-06-27 21:50:19.027511,396198.91,0.0381,180,HI,Single Family,0.9,813,Foreclosure
L994398,2024-01-03 21:50:19.027516,411267.68,0.0376,180,NJ,Townhouse,0.58,620,60 Days Late
L457216,2024-08-16 21:50:19.027521,867723.49,0.0491,180,CA,Condo,0.61,640,60 Days Late
L463554,2023-06-24 21:50:19.027526,259848.05,0.0533,360,RI,Condo,0.79,714,90 Days Late
L459028,2024-03-06 21:50:19.027531,313100.55,0.0355,180,ND,Multi Family,0.51,675,Current
L749431,2025-05-11 21:50:19.027537,221726.26,0.0681,180,OR,Multi Family,0.75,821,90 Days Late
L197430,2025-04-28 21:50:19.027542,251607.27,0.0515,360,KS,Manufactured,0.6,672,60 Days Late
L742099,2024-01-06 21:50:19.027547,677590.04,0.0594,180,CT,Multi Family,0.6,627,Foreclosure
L466028,2024-08-16 21:50:19.027552,176459.23,0.0338,180,TX,Townhouse,0.75,754,60 Days Late
L573765,2025-05-05 21:50:19.027558,926750.48,0.0409,180,GA,Multi Family,0.63,798,90 Days Late
L941748,2023-10-02 21:50:19.027563,366758.86,0.0538,360,UT,Townhouse,0.91,675,Foreclosure
L350093,2023-06-25 21:50:19.027568,546903.26,0.0502,180,MS,Single Family,0.87,773,Current
L522796,2025-01-08 21:50:19.027573,527617.51,0.0389,360,ID,Condo,0.75,627,30 Days Late
L611402,2024-01-20 21:50:19.027579,132529.06,0.0581,180,NC,Multi Family,0.84,689,30 Days Late
L258756,2025-03-22 21:50:19.027584,921819.99,0.0518,360,PA,Multi Family,0.81,687,Current
L605503,2024-12-01 21:50:19.027589,445680.35,0.0427,360,ND,Townhouse,0.83,755,Current
L488498,2025-01-12 21:50:19.027594,999291.61,0.0441,180,DE,Multi Family,0.57,646,Current
L562330,2024-10-07 21:50:19.027599,798358.54,0.0606,180,NM,Single Family,0.77,710,Current
L593270,2025-01-02 21:50:19.027604,379791.08,0.0537,360,WY,Townhouse,0.86,655,60 Days Late
L908111,2024-09-05 21:50:19.027609,740367.14,0.032,180,PA,Multi Family,0.91,796,Foreclosure
L549946,2023-07-15 21:50:19.027615,908490.06,0.0336,360,WA,Single Family,0.63,820,90 Days Late
L377240,2024-01-04 21:50:19.027620,809709.93,0.067,360,OH,Single Family,0.5,688,Foreclosure
L758017,2025-05-12 21:50:19.027625,989179.51,0.0528,360,LA,Condo,0.89,791,Foreclosure
L918035,2023-12-25 21:50:19.027630,151564.89,0.0617,360,CO,Condo,0.89,825,30 Days Late
L187297,2024-01-10 21:50:19.027635,251065.15,0.0553,360,AZ,Manufactured,0.68,705,30 Days Late
L533775,2024-04-23 21:50:19.027640,333255.02,0.0634,360,IA,Multi Family,0.51,638,Current
L937739,2023-10-26 21:50:19.027645,436848.46,0.0658,180,ID,Manufactured,0.83,663,30 Days Late
L739473,2024-07-02 21:50:19.027650,479714.0,0.0643,180,WI,Single Family,0.93,718,Foreclosure
L199539,2023-06-23 21:50:19.027655,384181.74,0.0691,180,OH,Multi Family,0.83,700,90 Days Late
L757720,2023-08-21 21:50:19.027660,478435.22,0.0443,360,SC,Condo,0.66,692,60 Days Late
L295678,2023-11-02 21:50:19.027665,274451.84,0.0366,360,AZ,Single Family,0.95,598,Foreclosure
L635263,2025-01-02 21:50:19.027671,799983.62,0.0386,360,KS,Manufactured,0.74,708,90 Days Late
L890823,2025-01-03 21:50:19.027676,649482.03,0.0431,180,SD,Multi Family,0.59,784,30 Days Late
L872537,2024-12-31 21:50:19.027681,629868.46,0.0453,180,MN,Single Family,0.59,820,90 Days Late
L816526,2025-04-29 21:50:19.027686,223234.73,0.0541,180,AK,Multi Family,0.66,719,90 Days Late
L517763,2025-05-12 21:50:19.027691,949445.39,0.0625,360,TX,Townhouse,0.6,775,60 Days Late
L480636,2025-05-25 21:50:19.027696,707314.32,0.0664,360,IA,Townhouse,0.86,644,Current
L716057,2023-06-08 21:50:19.027701,921023.98,0.0503,360,MI,Manufactured,0.66,619,30 Days Late
L228061,2025-05-09 21:50:19.027706,442452.6,0.0441,180,MI,Multi Family,0.5,808,Current
L417080,2025-02-25 21:50:19.027711,369031.03,0.0379,360,NY,Single Family,0.69,704,Current
